Date,Open,High,Low,Close,Adj_Close,Volume,Stock
2/21/2023,204.990005,209.710007,197.220001,197.369995,197.369995,180018600,TSLA
2/22/2023,197.929993,201.990005,191.779999,200.860001,200.860001,191828500,TSLA
2/23/2023,203.910004,205.139999,196.330002,202.070007,202.070007,146360000,TSLA
2/24/2023,196.330002,197.669998,192.800003,196.880005,196.880005,142228100,TSLA
2/27/2023,202.029999,209.419998,201.259995,207.630005,207.630005,161028300,TSLA
2/28/2023,210.589996,211.229996,203.75,205.710007,205.710007,153144900,TSLA
3/1/2023,206.210007,207.199997,198.520004,202.770004,202.770004,156852800,TSLA
3/2/2023,186.740005,193.75,186.009995,190.899994,190.899994,181500700,TSLA
3/3/2023,194.800003,200.479996,192.880005,197.789993,197.789993,154193300,TSLA
3/6/2023,198.539993,198.600006,192.300003,193.809998,193.809998,128100100,TSLA
3/7/2023,191.380005,194.199997,186.100006,187.710007,187.710007,148125800,TSLA
3/8/2023,185.039993,186.5,180.0,182.0,182.0,151897800,TSLA
3/9/2023,180.25,185.179993,172.509995,172.919998,172.919998,170023800,TSLA
3/10/2023,175.130005,178.289993,168.440002,173.440002,173.440002,191488900,TSLA
3/13/2023,167.460007,177.350006,163.910004,174.479996,174.479996,167790300,TSLA
3/14/2023,177.309998,183.800003,177.139999,183.259995,183.259995,143717900,TSLA
3/15/2023,180.800003,182.339996,176.029999,180.449997,180.449997,145995600,TSLA
3/16/2023,180.369995,185.809998,178.839996,184.130005,184.130005,121136800,TSLA
3/17/2023,184.520004,186.220001,177.330002,180.130005,180.130005,133197100,TSLA
3/20/2023,178.080002,186.440002,176.350006,183.25,183.25,129684400,TSLA
3/21/2023,188.279999,198.0,188.039993,197.580002,197.580002,153391400,TSLA
3/22/2023,199.300003,200.660004,190.949997,191.149994,191.149994,150376400,TSLA
3/23/2023,195.259995,199.309998,188.649994,192.220001,192.220001,144193900,TSLA
3/24/2023,191.649994,192.360001,187.149994,190.410004,190.410004,116312400,TSLA
3/27/2023,194.419998,197.389999,189.940002,191.809998,191.809998,120851600,TSLA
3/28/2023,192.0,192.350006,185.429993,189.190002,189.190002,98654600,TSLA
3/29/2023,193.130005,195.289993,189.440002,193.880005,193.880005,123660000,TSLA
3/30/2023,195.580002,197.330002,194.419998,195.279999,195.279999,110252200,TSLA
3/31/2023,197.529999,207.789993,197.199997,207.460007,207.460007,170222100,TSLA
4/3/2023,199.910004,202.690002,192.199997,194.770004,194.770004,169545900,TSLA
4/4/2023,197.320007,198.740005,190.320007,192.580002,192.580002,126463800,TSLA
4/5/2023,190.520004,190.679993,183.759995,185.520004,185.520004,133882500,TSLA
4/6/2023,183.080002,186.389999,179.740005,185.059998,185.059998,123857900,TSLA
4/10/2023,179.940002,185.100006,176.110001,184.509995,184.509995,142154600,TSLA
4/11/2023,186.690002,189.190002,185.649994,186.789993,186.789993,115770900,TSLA
4/12/2023,190.740005,191.580002,180.309998,180.539993,180.539993,150256300,TSLA
4/13/2023,182.960007,186.5,180.940002,185.899994,185.899994,112933000,TSLA
4/14/2023,183.949997,186.279999,182.009995,185.0,185.0,96438700,TSLA
4/17/2023,186.320007,189.690002,182.690002,187.039993,187.039993,116662200,TSLA
4/18/2023,187.149994,187.690002,183.580002,184.309998,184.309998,92067000,TSLA
4/19/2023,179.100006,183.5,177.649994,180.589996,180.589996,125732700,TSLA
4/20/2023,166.169998,169.699997,160.559998,162.990005,162.990005,210970800,TSLA
4/21/2023,164.800003,166.0,161.320007,165.080002,165.080002,123539000,TSLA
4/24/2023,164.649994,165.649994,158.610001,162.550003,162.550003,140006600,TSLA
4/25/2023,159.820007,163.470001,158.75,160.669998,160.669998,121999300,TSLA
4/26/2023,160.289993,160.669998,153.139999,153.75,153.75,153364100,TSLA
4/27/2023,152.639999,160.479996,152.369995,160.190002,160.190002,127015200,TSLA
4/28/2023,160.899994,165.0,157.320007,164.309998,164.309998,122515800,TSLA
5/1/2023,163.169998,163.279999,158.830002,161.830002,161.830002,109015000,TSLA
5/2/2023,161.880005,165.490005,158.929993,160.309998,160.309998,128259700,TSLA
5/3/2023,160.009995,165.0,159.910004,160.610001,160.610001,119728000,TSLA
5/4/2023,162.710007,162.949997,159.649994,161.199997,161.199997,95108500,TSLA
5/5/2023,163.970001,170.789993,163.509995,170.059998,170.059998,107440900,TSLA
5/8/2023,173.720001,173.800003,169.190002,171.789993,171.789993,112249400,TSLA
5/9/2023,168.949997,169.820007,166.559998,169.149994,169.149994,88965000,TSLA
5/10/2023,172.550003,174.429993,166.679993,168.539993,168.539993,119840700,TSLA
5/11/2023,168.699997,173.570007,166.789993,172.080002,172.080002,103889900,TSLA
5/12/2023,176.070007,177.380005,167.229996,167.979996,167.979996,157577100,TSLA
5/15/2023,167.660004,169.759995,164.550003,166.350006,166.350006,105592500,TSLA
5/16/2023,165.649994,169.520004,164.350006,166.520004,166.520004,98288800,TSLA
5/17/2023,168.410004,174.5,167.190002,173.860001,173.860001,125473600,TSLA
5/18/2023,174.220001,177.059998,172.449997,176.889999,176.889999,109520300,TSLA
5/19/2023,177.169998,181.949997,176.309998,180.139999,180.139999,136024200,TSLA
5/22/2023,180.699997,189.320007,180.110001,188.869995,188.869995,132001400,TSLA
5/23/2023,186.199997,192.960007,185.259995,185.770004,185.770004,156952100,TSLA
5/24/2023,182.229996,184.220001,178.220001,182.899994,182.899994,137605100,TSLA
5/25/2023,186.539993,186.779999,180.580002,184.470001,184.470001,96870700,TSLA
5/26/2023,184.619995,198.600006,184.529999,193.169998,193.169998,162061500,TSLA
5/30/2023,200.100006,204.479996,197.529999,201.160004,201.160004,128818700,TSLA
5/31/2023,199.779999,203.949997,195.119995,203.929993,203.929993,150711700,TSLA
6/1/2023,202.589996,209.800003,199.369995,207.520004,207.520004,148029900,TSLA
6/2/2023,210.149994,217.25,209.75,213.970001,213.970001,164129000,TSLA
6/5/2023,217.800003,221.289993,214.520004,217.610001,217.610001,151143100,TSLA
6/6/2023,216.139999,221.910004,212.529999,221.309998,221.309998,146911600,TSLA
6/7/2023,228.0,230.830002,223.199997,224.570007,224.570007,185710800,TSLA
6/8/2023,224.220001,235.229996,223.009995,234.860001,234.860001,164489700,TSLA
6/9/2023,249.070007,252.419998,242.020004,244.399994,244.399994,199882300,TSLA
6/12/2023,247.940002,250.970001,244.589996,249.830002,249.830002,150337900,TSLA
6/13/2023,253.509995,259.679993,251.339996,258.709991,258.709991,162384300,TSLA
6/14/2023,260.170013,261.570007,250.5,256.790009,256.790009,170575500,TSLA
6/15/2023,248.399994,258.950012,247.289993,255.899994,255.899994,160171200,TSLA
6/16/2023,258.920013,263.600006,257.209991,260.540009,260.540009,167563700,TSLA
6/20/2023,261.5,274.75,261.119995,274.450012,274.450012,165611200,TSLA
6/21/2023,275.130005,276.98999,257.779999,259.459991,259.459991,211797100,TSLA
6/22/2023,250.770004,265.0,248.25,264.609985,264.609985,166875900,TSLA
6/23/2023,259.290009,262.450012,252.800003,256.600006,256.600006,176584100,TSLA
6/26/2023,250.070007,258.369995,240.699997,241.050003,241.050003,179990600,TSLA
6/27/2023,243.240005,250.389999,240.850006,250.210007,250.210007,164968200,TSLA
6/28/2023,249.699997,259.880005,248.889999,256.23999,256.23999,159770800,TSLA
6/29/2023,258.029999,260.73999,253.610001,257.5,257.5,131283400,TSLA
6/30/2023,260.600006,264.450012,259.890015,261.769989,261.769989,112267600,TSLA
7/3/2023,276.48999,284.25,275.109985,279.820007,279.820007,119685900,TSLA
7/5/2023,278.820007,283.850006,277.600006,282.480011,282.480011,131530900,TSLA
7/6/2023,278.089996,279.970001,272.880005,276.540009,276.540009,120332100,TSLA
7/7/2023,278.429993,280.779999,273.769989,274.429993,274.429993,113602000,TSLA
7/10/2023,276.470001,277.519989,265.100006,269.609985,269.609985,119425400,TSLA
7/11/2023,268.649994,270.899994,266.369995,269.790009,269.790009,91972400,TSLA
7/12/2023,276.329987,276.519989,271.459991,271.98999,271.98999,95672100,TSLA
7/13/2023,274.589996,279.450012,270.600006,277.899994,277.899994,112681500,TSLA
7/14/2023,277.01001,285.299988,276.309998,281.380005,281.380005,119771100,TSLA
7/17/2023,286.630005,292.230011,283.570007,290.380005,290.380005,131569600,TSLA
7/18/2023,290.149994,295.26001,286.01001,293.339996,293.339996,112434700,TSLA
7/19/2023,296.040009,299.290009,289.519989,291.26001,291.26001,142355400,TSLA
7/20/2023,279.559998,280.929993,261.200012,262.899994,262.899994,175158300,TSLA
7/21/2023,268.0,268.0,255.800003,260.019989,260.019989,161050100,TSLA
7/24/2023,255.850006,269.850006,254.119995,269.059998,269.059998,136508500,TSLA
7/25/2023,272.380005,272.899994,265.0,265.279999,265.279999,112757300,TSLA
7/26/2023,263.25,268.040009,261.75,264.350006,264.350006,95856200,TSLA
7/27/2023,268.309998,269.130005,255.300003,255.710007,255.710007,103697300,TSLA
7/28/2023,259.859985,267.25,258.230011,266.440002,266.440002,111446000,TSLA
7/31/2023,267.480011,269.079987,263.779999,267.429993,267.429993,84582200,TSLA
8/1/2023,266.26001,266.470001,260.25,261.070007,261.070007,83166000,TSLA
8/2/2023,255.570007,259.519989,250.490005,254.110001,254.110001,101752900,TSLA
8/3/2023,252.039993,260.48999,252.0,259.320007,259.320007,97569100,TSLA
8/4/2023,260.970001,264.769989,253.110001,253.860001,253.860001,99242600,TSLA
8/7/2023,251.449997,253.649994,242.759995,251.449997,251.449997,111097900,TSLA
8/8/2023,247.449997,250.919998,245.009995,249.699997,249.699997,96642200,TSLA
8/9/2023,250.869995,251.100006,241.899994,242.190002,242.190002,101596300,TSLA
8/10/2023,245.399994,251.800003,243.0,245.339996,245.339996,109498600,TSLA
8/11/2023,241.770004,243.789993,238.020004,242.649994,242.649994,98866600,TSLA
8/14/2023,235.699997,240.660004,233.75,239.759995,239.759995,98595300,TSLA
8/15/2023,238.729996,240.5,232.610001,232.960007,232.960007,88197600,TSLA
8/16/2023,228.020004,233.970001,225.380005,225.600006,225.600006,112484500,TSLA
2/17/2023,347.910004,349.0,342.440002,347.959991,347.959991,5294700,NFLX
2/21/2023,342.850006,344.130005,336.420013,337.5,337.5,5710300,NFLX
2/22/2023,337.5,341.910004,332.820007,334.880005,334.880005,4546200,NFLX
2/23/2023,331.230011,331.279999,314.299988,323.649994,323.649994,13238700,NFLX
2/24/2023,319.299988,321.5,314.519989,317.149994,317.149994,6830700,NFLX
2/27/2023,323.869995,330.0,322.119995,323.029999,323.029999,6142600,NFLX
2/28/2023,323.700012,327.619995,321.170013,322.130005,322.130005,3676100,NFLX
3/1/2023,321.549988,326.600006,312.359985,313.480011,313.480011,4911300,NFLX
3/2/2023,310.959991,315.570007,310.380005,311.880005,311.880005,4911000,NFLX
3/3/2023,315.450012,317.48999,310.820007,315.179993,315.179993,5953300,NFLX
3/6/2023,317.0,323.299988,311.839996,312.029999,312.029999,5660700,NFLX
3/7/2023,312.679993,314.299988,306.619995,308.470001,308.470001,4553100,NFLX
3/8/2023,309.290009,311.829987,305.75,311.790009,311.790009,3479500,NFLX
3/9/2023,312.079987,312.51001,294.880005,297.779999,297.779999,7443400,NFLX
3/10/2023,297.899994,298.790009,289.0,292.76001,292.76001,5759300,NFLX
3/13/2023,287.339996,299.23999,285.329987,293.51001,293.51001,6292400,NFLX
3/14/2023,295.970001,297.450012,290.309998,294.940002,294.940002,5956700,NFLX
3/15/2023,292.51001,306.309998,292.279999,303.790009,303.790009,9215300,NFLX
3/16/2023,304.75,316.600006,301.709991,310.059998,310.059998,7903700,NFLX
3/17/2023,310.059998,310.76001,300.0,303.5,303.5,6918800,NFLX
3/20/2023,299.790009,307.5,296.0,305.130005,305.130005,5113400,NFLX
3/21/2023,306.320007,307.920013,300.429993,305.790009,305.790009,4886300,NFLX
3/22/2023,306.309998,306.450012,293.540009,293.899994,293.899994,5808000,NFLX
3/23/2023,304.679993,322.779999,304.140015,320.369995,320.369995,15653300,NFLX
3/24/2023,320.630005,331.829987,320.630005,328.390015,328.390015,12991700,NFLX
3/27/2023,327.549988,336.440002,324.410004,327.660004,327.660004,8625800,NFLX
3/28/2023,326.059998,333.320007,321.279999,323.519989,323.519989,6489400,NFLX
3/29/2023,326.290009,332.850006,325.730011,332.029999,332.029999,6287300,NFLX
3/30/2023,340.269989,343.290009,335.299988,338.429993,338.429993,7131500,NFLX
3/31/2023,340.049988,345.839996,337.200012,345.480011,345.480011,5610200,NFLX
4/3/2023,341.829987,348.579987,340.399994,348.279999,348.279999,4413700,NFLX
4/4/2023,348.48999,349.799988,343.950012,346.75,346.75,3298100,NFLX
4/5/2023,345.299988,345.429993,336.25,342.350006,342.350006,4205500,NFLX
4/6/2023,339.339996,340.480011,332.630005,339.329987,339.329987,4660500,NFLX
4/10/2023,335.269989,339.880005,333.359985,338.98999,338.98999,2657900,NFLX
4/11/2023,343.450012,347.140015,337.640015,338.209991,338.209991,4044800,NFLX
4/12/2023,340.809998,342.799988,330.040009,331.029999,331.029999,3965400,NFLX
4/13/2023,339.98999,346.429993,338.75,346.190002,346.190002,7406400,NFLX
4/14/2023,342.940002,344.850006,336.410004,338.630005,338.630005,5350500,NFLX
4/17/2023,338.0,338.390015,327.5,332.720001,332.720001,6136000,NFLX
4/18/2023,335.0,337.190002,330.5,333.700012,333.700012,17944500,NFLX
4/19/2023,324.209991,325.75,316.100006,323.119995,323.119995,22128300,NFLX
4/20/2023,320.390015,331.429993,318.329987,325.350006,325.350006,9947800,NFLX
4/21/2023,323.0,328.290009,319.5,327.980011,327.980011,6348000,NFLX
4/24/2023,330.200012,334.660004,326.75,329.019989,329.019989,5586600,NFLX
4/25/2023,328.5,328.660004,321.100006,322.549988,322.549988,5426600,NFLX
4/26/2023,321.359985,325.899994,320.470001,321.149994,321.149994,4623200,NFLX
4/27/2023,324.299988,327.450012,317.440002,325.850006,325.850006,5618800,NFLX
4/28/2023,325.23999,330.809998,324.0,329.929993,329.929993,4221900,NFLX
5/1/2023,329.440002,331.230011,318.089996,324.119995,324.119995,5341500,NFLX
5/2/2023,325.0,326.070007,315.619995,317.549988,317.549988,4318600,NFLX
5/3/2023,317.549988,324.619995,315.850006,319.299988,319.299988,5064100,NFLX
5/4/2023,319.01001,323.609985,317.950012,320.779999,320.779999,3879700,NFLX
5/5/2023,323.609985,324.149994,319.440002,322.76001,322.76001,3988600,NFLX
5/8/2023,322.98999,332.559998,322.029999,331.209991,331.209991,5488600,NFLX
5/9/2023,330.670013,336.320007,329.73999,332.140015,332.140015,5544900,NFLX
5/10/2023,335.209991,337.109985,329.51001,335.420013,335.420013,4289900,NFLX
5/11/2023,334.980011,345.470001,331.839996,344.76001,344.76001,8033500,NFLX
5/12/2023,344.76001,348.170013,337.359985,339.890015,339.890015,6079900,NFLX
5/15/2023,340.619995,341.899994,335.540009,335.890015,335.890015,3653000,NFLX
5/16/2023,334.0,335.170013,331.910004,333.75,333.75,3332200,NFLX
5/17/2023,331.76001,341.380005,329.619995,339.959991,339.959991,3958800,NFLX
5/18/2023,347.25,375.869995,346.369995,371.290009,371.290009,20925200,NFLX
5/19/2023,369.859985,369.98999,363.809998,365.359985,365.359985,7850900,NFLX
5/22/2023,365.359985,372.01001,362.5,363.01001,363.01001,5406400,NFLX
5/23/2023,360.23999,364.170013,354.309998,355.98999,355.98999,6866100,NFLX
5/24/2023,356.929993,367.149994,356.630005,364.850006,364.850006,7973300,NFLX
5/25/2023,359.609985,367.450012,357.420013,359.0,359.0,6263100,NFLX
5/26/2023,361.100006,383.76001,356.0,378.880005,378.880005,9360400,NFLX
5/30/2023,397.480011,405.109985,385.790009,392.980011,392.980011,10865000,NFLX
5/31/2023,391.890015,396.26001,388.910004,395.230011,395.230011,6988000,NFLX
6/1/2023,397.410004,407.519989,393.079987,403.130005,403.130005,7160100,NFLX
6/2/2023,402.890015,406.579987,395.899994,400.470001,400.470001,5897300,NFLX
6/5/2023,400.470001,413.859985,400.149994,403.540009,403.540009,7247400,NFLX
6/6/2023,405.0,405.119995,396.929993,399.290009,399.290009,4991500,NFLX
6/7/2023,410.429993,418.950012,399.230011,399.769989,399.769989,11932400,NFLX
6/8/2023,399.769989,409.540009,396.339996,409.369995,409.369995,5991100,NFLX
6/9/2023,424.5,425.899994,414.76001,420.019989,420.019989,12363000,NFLX
6/12/2023,418.829987,424.700012,416.570007,423.970001,423.970001,5959500,NFLX
6/13/2023,430.01001,437.269989,428.399994,435.730011,435.730011,7820500,NFLX
6/14/2023,434.98999,447.329987,433.5,440.859985,440.859985,8413100,NFLX
6/15/2023,444.100006,448.649994,439.5,445.269989,445.269989,7099900,NFLX
6/16/2023,446.149994,447.51001,430.899994,431.959991,431.959991,8745500,NFLX
6/20/2023,430.179993,440.0,430.0,434.700012,434.700012,4756000,NFLX
6/21/2023,432.649994,434.549988,422.540009,424.450012,424.450012,5146400,NFLX
6/22/2023,422.929993,424.709991,418.679993,422.480011,422.480011,4869500,NFLX
6/23/2023,418.589996,425.820007,417.730011,424.019989,424.019989,8293900,NFLX
6/26/2023,422.440002,430.959991,414.899994,415.940002,415.940002,4640000,NFLX
6/27/2023,417.390015,420.880005,411.5,417.079987,417.079987,4818100,NFLX
6/28/2023,423.100006,437.290009,422.890015,429.839996,429.839996,8811300,NFLX
6/29/2023,434.329987,437.850006,426.149994,428.23999,428.23999,4932300,NFLX
6/30/2023,431.100006,444.119995,431.100006,440.48999,440.48999,7342000,NFLX
7/3/2023,439.76001,441.549988,431.619995,441.440002,441.440002,3733200,NFLX
7/5/2023,444.910004,450.970001,439.619995,445.899994,445.899994,6869500,NFLX
7/6/2023,440.0,442.799988,430.720001,438.839996,438.839996,4938800,NFLX
7/7/2023,438.600006,442.329987,435.839996,438.100006,438.100006,4160100,NFLX
7/10/2023,438.519989,444.410004,436.820007,441.709991,441.709991,4251700,NFLX
7/11/2023,438.649994,440.799988,431.040009,440.209991,440.209991,4574600,NFLX
7/12/2023,444.549988,445.410004,437.75,444.049988,444.049988,5731700,NFLX
7/13/2023,447.0,451.670013,441.179993,450.380005,450.380005,6157500,NFLX
7/14/2023,452.790009,456.480011,439.700012,441.910004,441.910004,7184900,NFLX
7/17/2023,445.570007,456.679993,445.109985,450.049988,450.049988,6891700,NFLX
7/18/2023,451.0,478.149994,448.779999,474.799988,474.799988,13196900,NFLX
7/19/2023,476.859985,485.0,470.0,477.589996,477.589996,20996500,NFLX
7/20/2023,447.0,448.5,432.0,437.420013,437.420013,23989700,NFLX
7/21/2023,437.369995,438.23999,423.190002,427.5,427.5,17303700,NFLX
7/24/2023,425.0,428.640015,419.190002,428.369995,428.369995,8264400,NFLX
7/25/2023,427.179993,430.880005,426.130005,427.700012,427.700012,4859800,NFLX
7/26/2023,424.200012,425.26001,415.589996,422.670013,422.670013,6009200,NFLX
7/27/2023,426.899994,427.519989,411.880005,413.170013,413.170013,6594500,NFLX
7/28/2023,415.559998,427.470001,413.76001,425.779999,425.779999,6424200,NFLX
7/31/2023,426.51001,439.130005,426.299988,438.970001,438.970001,6587600,NFLX
8/1/2023,437.369995,445.25,431.399994,438.619995,438.619995,5711500,NFLX
8/2/2023,435.230011,435.559998,426.559998,429.700012,429.700012,4912200,NFLX
8/3/2023,427.799988,441.929993,427.190002,431.0,431.0,6243900,NFLX
8/4/2023,433.059998,436.5,426.269989,431.600006,431.600006,5439700,NFLX
8/7/2023,436.459991,441.109985,428.910004,440.76001,440.76001,4781300,NFLX
8/8/2023,440.359985,443.570007,435.100006,438.299988,438.299988,3767200,NFLX
8/9/2023,439.73999,440.619995,427.589996,428.899994,428.899994,3846600,NFLX
8/10/2023,431.119995,438.119995,428.690002,429.980011,429.980011,5467600,NFLX
8/11/2023,428.980011,430.630005,421.329987,421.660004,421.660004,3925200,NFLX
8/14/2023,421.98999,428.850006,418.779999,427.779999,427.779999,3966000,NFLX
8/15/2023,424.410004,429.119995,421.040009,423.700012,423.700012,3368000,NFLX
8/16/2023,423.730011,424.51001,415.25,415.450012,415.450012,3967000,NFLX
2/17/2023,9.57,9.71,9.085,9.2,9.2,62137800,PLTR
2/21/2023,9.01,9.1,8.4,8.47,8.47,65226600,PLTR
2/22/2023,8.48,8.625,8.16,8.36,8.36,55346000,PLTR
2/23/2023,8.42,8.48,7.91,8.17,8.17,60015500,PLTR
2/24/2023,7.94,8.2,7.87,8.09,8.09,41518600,PLTR
2/27/2023,8.12,8.23,7.96,8.03,8.03,35270000,PLTR
2/28/2023,7.96,8.097,7.8,7.84,7.84,32937000,PLTR
3/1/2023,7.83,7.91,7.69,7.69,7.69,27939100,PLTR
3/2/2023,7.59,8.03,7.56,7.97,7.97,36538700,PLTR
3/3/2023,8.0,8.5,8.0,8.33,8.33,43229100,PLTR
3/6/2023,8.34,8.45,8.2,8.28,8.28,28316200,PLTR
3/7/2023,8.275,8.425,8.19,8.28,8.28,26819600,PLTR
3/8/2023,8.36,8.58,8.06,8.13,8.13,38723600,PLTR
3/9/2023,8.07,8.26,7.68,7.69,7.69,29005900,PLTR
3/10/2023,7.59,7.68,7.28,7.35,7.35,41953600,PLTR
3/13/2023,7.29,8.15,7.19,7.87,7.87,63183500,PLTR
3/14/2023,8.05,8.14,7.78,7.89,7.89,33460100,PLTR
3/15/2023,7.81,7.99,7.7,7.9,7.9,28217400,PLTR
3/16/2023,8.01,8.08,7.86,7.98,7.98,20255400,PLTR
3/17/2023,7.93,8.03,7.84,7.88,7.88,20920800,PLTR
3/20/2023,7.765,8.095,7.72,8.08,8.08,25497400,PLTR
3/21/2023,8.2,8.51,8.17,8.45,8.45,27104500,PLTR
3/22/2023,8.44,8.62,8.2,8.21,8.21,34151000,PLTR
3/23/2023,8.32,8.56,8.16,8.33,8.33,22662200,PLTR
3/24/2023,8.29,8.35,8.06,8.2,8.2,17901200,PLTR
3/27/2023,8.15,8.32,7.94,8.04,8.04,20666800,PLTR
3/28/2023,8.06,8.12,7.97,8.0,8.0,14860500,PLTR
3/29/2023,8.09,8.25,8.051,8.22,8.22,15339700,PLTR
3/30/2023,8.33,8.38,8.05,8.15,8.15,21001600,PLTR
3/31/2023,8.15,8.48,8.08,8.45,8.45,26174800,PLTR
4/3/2023,8.37,8.53,8.21,8.38,8.38,22512000,PLTR
4/4/2023,8.53,8.54,8.23,8.35,8.35,23961200,PLTR
4/5/2023,8.63,8.65,7.84,7.98,7.98,54946900,PLTR
4/6/2023,7.88,8.14,7.79,8.09,8.09,23488600,PLTR
4/10/2023,8.0,8.44,7.9,8.39,8.39,29184700,PLTR
4/11/2023,8.35,8.79,8.34,8.61,8.61,35617900,PLTR
4/12/2023,8.75,8.775,8.3,8.33,8.33,28771300,PLTR
4/13/2023,8.5,8.7,8.43,8.58,8.58,27983300,PLTR
4/14/2023,8.53,8.91,8.47,8.81,8.81,42364500,PLTR
4/17/2023,8.81,9.04,8.78,8.8,8.8,26047500,PLTR
4/18/2023,8.93,9.02,8.72,8.73,8.73,21185300,PLTR
4/19/2023,8.58,8.658,8.48,8.49,8.49,18193700,PLTR
4/20/2023,8.29,8.5,8.13,8.15,8.15,23573000,PLTR
4/21/2023,8.14,8.22,8.09,8.18,8.18,14896700,PLTR
4/24/2023,8.16,8.25,7.94,8.1,8.1,20439300,PLTR
4/25/2023,8.0,8.02,7.73,7.74,7.74,21849100,PLTR
4/26/2023,7.87,7.91,7.65,7.74,7.74,21396700,PLTR
4/27/2023,7.83,7.91,7.72,7.82,7.82,21385500,PLTR
4/28/2023,7.77,8.0,7.62,7.75,7.75,24924400,PLTR
5/1/2023,7.75,7.82,7.66,7.78,7.78,19134200,PLTR
5/2/2023,7.72,7.91,7.43,7.59,7.59,38008000,PLTR
5/3/2023,7.62,7.68,7.45,7.56,7.56,24322400,PLTR
5/4/2023,7.47,7.52,7.28,7.38,7.38,29989300,PLTR
5/5/2023,7.44,7.55,7.32,7.41,7.41,45601300,PLTR
5/8/2023,7.64,7.855,7.59,7.74,7.74,105304000,PLTR
5/9/2023,9.22,9.69,8.655,9.55,9.55,223573300,PLTR
5/10/2023,9.73,10.3,9.46,9.94,9.94,149375000,PLTR
5/11/2023,10.14,10.159,9.71,9.88,9.88,73754100,PLTR
5/12/2023,9.86,10.01,9.47,9.5,9.5,62031700,PLTR
5/15/2023,9.21,9.6,9.02,9.52,9.52,53555500,PLTR
5/16/2023,9.4,9.63,9.35,9.47,9.47,42311900,PLTR
5/17/2023,9.54,10.285,9.46,10.25,10.25,63834500,PLTR
5/18/2023,10.46,11.81,10.39,11.74,11.74,171402300,PLTR
5/19/2023,11.97,12.41,11.52,11.71,11.71,148321300,PLTR
5/22/2023,11.62,12.105,11.39,11.84,11.84,76377100,PLTR
5/23/2023,11.95,13.42,11.87,12.64,12.64,148701800,PLTR
5/24/2023,12.05,12.43,11.82,12.23,12.23,90496900,PLTR
5/25/2023,13.18,13.22,12.34,12.84,12.84,106557800,PLTR
5/26/2023,12.84,14.195,12.82,13.65,13.65,127311200,PLTR
5/30/2023,14.44,15.005,14.24,14.71,14.71,159089300,PLTR
5/31/2023,14.19,14.79,13.82,14.71,14.71,130392200,PLTR
6/1/2023,14.46,15.22,14.2,14.54,14.54,126015100,PLTR
6/2/2023,14.65,15.03,14.16,14.52,14.52,79328400,PLTR
6/5/2023,14.365,15.7,14.365,15.24,15.24,109017800,PLTR
6/6/2023,15.3,15.58,14.92,15.46,15.46,74284300,PLTR
6/7/2023,16.01,17.16,14.52,14.69,14.69,227244100,PLTR
6/8/2023,14.44,15.59,14.39,15.19,15.19,115591600,PLTR
6/9/2023,15.36,15.98,14.82,15.02,15.02,93983400,PLTR
6/12/2023,15.44,16.030001,15.33,15.65,15.65,89900400,PLTR
6/13/2023,16.18,16.27,15.163,16.0,16.0,112765900,PLTR
6/14/2023,15.93,16.190001,15.44,15.91,15.91,70871900,PLTR
6/15/2023,15.66,16.790001,15.49,16.6,16.6,91200900,PLTR
6/16/2023,16.870001,16.91,16.01,16.299999,16.299999,90473900,PLTR
6/20/2023,15.99,16.889999,15.58,15.79,15.79,81335000,PLTR
6/21/2023,15.66,15.755,14.37,14.64,14.64,97885000,PLTR
6/22/2023,14.3,14.44,13.86,14.05,14.05,103461000,PLTR
6/23/2023,13.64,14.14,13.56,14.03,14.03,74640600,PLTR
6/26/2023,13.87,14.42,13.83,13.94,13.94,50679900,PLTR
6/27/2023,14.22,14.76,13.96,14.61,14.61,55410500,PLTR
6/28/2023,14.53,15.43,14.465,15.28,15.28,66001000,PLTR
6/29/2023,15.4,15.57,15.06,15.2,15.2,46300900,PLTR
6/30/2023,15.48,15.8,15.23,15.33,15.33,42081000,PLTR
7/3/2023,15.49,15.59,15.19,15.52,15.52,26037400,PLTR
7/5/2023,15.425,15.77,15.23,15.7,15.7,39179900,PLTR
7/6/2023,15.32,15.383,14.62,15.13,15.13,56534000,PLTR
7/7/2023,15.23,15.9,15.19,15.34,15.34,48109800,PLTR
7/10/2023,15.37,16.33,14.945,16.299999,16.299999,62823600,PLTR
7/11/2023,16.469999,16.93,16.15,16.49,16.49,63236600,PLTR
7/12/2023,16.780001,16.940001,16.41,16.59,16.59,50079400,PLTR
7/13/2023,16.700001,17.26,16.631001,16.74,16.74,58397800,PLTR
7/14/2023,16.76,17.0,16.27,16.4,16.4,45018700,PLTR
7/17/2023,16.42,17.59,16.32,17.4,17.4,63505000,PLTR
7/18/2023,17.879999,18.129999,17.190001,18.08,18.08,87365700,PLTR
7/19/2023,18.02,18.995001,17.76,18.049999,18.049999,89044600,PLTR
7/20/2023,17.540001,18.0,16.98,17.129999,17.129999,62711600,PLTR
7/21/2023,17.469999,17.49,16.0,16.43,16.43,63260300,PLTR
7/24/2023,16.610001,16.690001,16.120001,16.32,16.32,36133600,PLTR
7/25/2023,16.35,16.860001,16.35,16.549999,16.549999,36612900,PLTR
7/26/2023,16.4,16.690001,16.129999,16.43,16.43,35804800,PLTR
7/27/2023,16.799999,17.190001,16.0,16.15,16.15,50685200,PLTR
7/28/2023,17.209999,17.969999,16.74,17.809999,17.809999,106125600,PLTR
7/31/2023,18.82,19.995001,18.379999,19.84,19.84,142173800,PLTR
8/1/2023,19.459999,20.24,19.23,19.99,19.99,99336200,PLTR
8/2/2023,19.26,19.620001,18.15,18.969999,18.969999,98215800,PLTR
8/3/2023,18.629999,19.299999,18.610001,18.709999,18.709999,54345900,PLTR
8/4/2023,18.874001,19.08,18.08,18.200001,18.200001,71979800,PLTR
8/7/2023,18.25,18.389999,17.01,17.99,17.99,133808400,PLTR
8/8/2023,17.49,17.49,16.1,17.040001,17.040001,143014200,PLTR
8/9/2023,16.76,16.92,15.1,15.25,15.25,126230400,PLTR
8/10/2023,15.44,15.87,15.25,15.41,15.41,73129100,PLTR
8/11/2023,15.05,15.58,14.91,15.41,15.41,56489900,PLTR
8/14/2023,15.2,15.74,14.95,15.72,15.72,47511400,PLTR
8/15/2023,15.61,15.87,15.29,15.37,15.37,44000400,PLTR
8/16/2023,15.21,15.725,15.12,15.45,15.45,40394600,PLTR
2/17/2023,97.800003,97.940002,95.650002,97.199997,97.199997,60029400,AMZN
2/21/2023,95.339996,95.610001,94.269997,94.580002,94.580002,56580400,AMZN
2/22/2023,95.099998,97.010002,94.800003,95.790001,95.790001,59534100,AMZN
2/23/2023,96.120003,96.43,93.669998,95.82,95.82,48467000,AMZN
2/24/2023,93.529999,94.139999,92.32,93.5,93.5,57053800,AMZN
2/27/2023,94.279999,94.779999,93.139999,93.760002,93.760002,47470300,AMZN
2/28/2023,93.139999,94.690002,92.919998,94.230003,94.230003,43959300,AMZN
3/1/2023,93.870003,94.68,91.589996,92.169998,92.169998,52299500,AMZN
3/2/2023,91.410004,92.230003,90.389999,92.129997,92.129997,55509400,AMZN
3/3/2023,92.739998,94.940002,92.660004,94.900002,94.900002,55759600,AMZN
3/6/2023,95.190002,96.550003,93.739998,93.75,93.75,52112400,AMZN
3/7/2023,94.059998,95.089996,92.779999,93.550003,93.550003,49100700,AMZN
3/8/2023,93.599998,94.169998,92.18,93.919998,93.919998,44899100,AMZN
3/9/2023,93.68,96.209999,92.18,92.25,92.25,56218700,AMZN
3/10/2023,92.669998,93.57,90.25,90.730003,90.730003,69827500,AMZN
3/13/2023,89.970001,94.019997,88.120003,92.43,92.43,72397100,AMZN
3/14/2023,93.830002,95.07,92.709999,94.879997,94.879997,60912700,AMZN
3/15/2023,93.220001,96.669998,93.07,96.199997,96.199997,70731800,AMZN
3/16/2023,95.75,100.989998,95.610001,100.040001,100.040001,84446900,AMZN
3/17/2023,99.790001,100.660004,97.459999,98.949997,98.949997,87300200,AMZN
3/20/2023,98.410004,98.480003,95.699997,97.709999,97.709999,62388900,AMZN
3/21/2023,98.139999,100.849998,98.0,100.610001,100.610001,58597300,AMZN
3/22/2023,100.449997,102.099998,98.610001,98.699997,98.699997,57475400,AMZN
3/23/2023,100.43,101.059998,97.620003,98.709999,98.709999,57559300,AMZN
3/24/2023,98.07,98.300003,96.400002,98.129997,98.129997,56095400,AMZN
3/27/2023,99.07,99.339996,97.080002,98.040001,98.040001,46721300,AMZN
3/28/2023,98.110001,98.440002,96.290001,97.239998,97.239998,38720100,AMZN
3/29/2023,98.690002,100.419998,98.559998,100.25,100.25,49783300,AMZN
3/30/2023,101.550003,103.040001,101.010002,102.0,102.0,53633400,AMZN
3/31/2023,102.160004,103.489998,101.949997,103.290001,103.290001,56750300,AMZN
4/3/2023,102.300003,103.290001,101.43,102.410004,102.410004,41135700,AMZN
4/4/2023,102.75,104.199997,102.110001,103.949997,103.949997,48662500,AMZN
4/5/2023,103.910004,103.910004,100.75,101.099998,101.099998,45175400,AMZN
4/6/2023,100.75,102.379997,99.800003,102.059998,102.059998,43808000,AMZN
4/10/2023,100.959999,102.199997,99.57,102.169998,102.169998,37261200,AMZN
4/11/2023,100.800003,101.0,99.010002,99.919998,99.919998,60417800,AMZN
4/12/2023,100.400002,100.510002,97.709999,97.830002,97.830002,56735000,AMZN
4/13/2023,98.949997,102.57,98.709999,102.400002,102.400002,67925100,AMZN
4/14/2023,102.07,103.199997,101.110001,102.510002,102.510002,51450500,AMZN
4/17/2023,103.160004,103.730003,101.589996,102.739998,102.739998,39919500,AMZN
4/18/2023,103.949997,104.199997,101.519997,102.300003,102.300003,39790500,AMZN
4/19/2023,101.580002,105.120003,101.389999,104.300003,104.300003,58398900,AMZN
4/20/2023,103.529999,105.25,103.209999,103.809998,103.809998,57696900,AMZN
4/21/2023,106.099998,108.150002,105.080002,106.959999,106.959999,86774200,AMZN
4/24/2023,107.660004,109.230003,105.07,106.209999,106.209999,69575600,AMZN
4/25/2023,104.910004,105.449997,102.449997,102.57,102.57,65026800,AMZN
4/26/2023,105.040001,106.620003,104.099998,104.980003,104.980003,73803800,AMZN
4/27/2023,108.160004,110.860001,106.800003,109.82,109.82,149961200,AMZN
4/28/2023,107.730003,109.480003,104.330002,105.449997,105.449997,130565000,AMZN
5/1/2023,104.949997,105.230003,101.82,102.050003,102.050003,74728100,AMZN
5/2/2023,101.470001,103.900002,101.150002,103.629997,103.629997,73469400,AMZN
5/3/2023,103.739998,105.959999,103.279999,103.650002,103.650002,65051900,AMZN
5/4/2023,104.040001,105.389999,103.309998,104.0,104.0,45345500,AMZN
5/5/2023,104.269997,105.760002,103.550003,105.660004,105.660004,56912900,AMZN
5/8/2023,105.040001,106.099998,104.699997,105.830002,105.830002,49430900,AMZN
5/9/2023,105.480003,106.790001,105.160004,106.620003,106.620003,44089400,AMZN
5/10/2023,108.099998,110.669998,108.050003,110.190002,110.190002,78627600,AMZN
5/11/2023,111.029999,113.279999,110.489998,112.18,112.18,74924800,AMZN
5/12/2023,112.160004,112.639999,109.32,110.260002,110.260002,49810100,AMZN
5/15/2023,111.150002,112.290001,109.25,111.199997,111.199997,53011100,AMZN
5/16/2023,111.050003,114.790001,111.050003,113.400002,113.400002,71472900,AMZN
5/17/2023,114.889999,115.830002,114.220001,115.5,115.5,65655200,AMZN
5/18/2023,116.690002,118.599998,116.339996,118.150002,118.150002,73174100,AMZN
5/19/2023,118.160004,118.309998,115.699997,116.25,116.25,54990200,AMZN
5/22/2023,116.769997,116.769997,114.25,115.010002,115.010002,70741100,AMZN
5/23/2023,114.269997,117.139999,113.779999,114.989998,114.989998,67576300,AMZN
5/24/2023,115.349998,117.339996,115.019997,116.75,116.75,63487900,AMZN
5/25/2023,116.629997,116.870003,114.309998,115.0,115.0,66496700,AMZN
5/26/2023,116.040001,121.5,116.019997,120.110001,120.110001,96779900,AMZN
5/30/2023,122.370003,122.919998,119.860001,121.660004,121.660004,64314800,AMZN
5/31/2023,121.449997,122.040001,119.169998,120.580002,120.580002,72800800,AMZN
6/1/2023,120.690002,123.489998,119.93,122.769997,122.769997,54375100,AMZN
6/2/2023,124.919998,126.389999,124.019997,124.25,124.25,61215000,AMZN
6/5/2023,123.360001,125.800003,123.029999,125.300003,125.300003,47950100,AMZN
6/6/2023,125.07,127.400002,125.0,126.610001,126.610001,45695200,AMZN
6/7/2023,127.010002,127.370003,120.629997,121.230003,121.230003,95663300,AMZN
6/8/2023,123.010002,125.629997,122.260002,124.25,124.25,62159300,AMZN
6/9/2023,124.080002,125.800003,123.190002,123.43,123.43,51330000,AMZN
6/12/2023,124.019997,126.779999,123.529999,126.57,126.57,51338000,AMZN
6/13/2023,128.119995,128.410004,125.18,126.660004,126.660004,50564800,AMZN
6/14/2023,126.699997,126.949997,124.120003,126.419998,126.419998,52422500,AMZN
6/15/2023,125.209999,127.690002,124.32,127.110001,127.110001,60458500,AMZN
6/16/2023,127.709999,127.900002,125.300003,125.489998,125.489998,84188100,AMZN
6/20/2023,124.970001,127.25,124.5,125.779999,125.779999,56930100,AMZN
6/21/2023,125.639999,126.730003,123.849998,124.830002,124.830002,52137700,AMZN
6/22/2023,125.309998,130.330002,125.139999,130.149994,130.149994,90354600,AMZN
6/23/2023,129.110001,130.839996,128.279999,129.330002,129.330002,71855200,AMZN
6/26/2023,129.330002,131.490005,127.099998,127.330002,127.330002,59989300,AMZN
6/27/2023,128.630005,130.089996,127.550003,129.179993,129.179993,46801000,AMZN
6/28/2023,128.940002,131.479996,128.440002,129.039993,129.039993,52149500,AMZN
6/29/2023,128.770004,129.259995,127.260002,127.900002,127.900002,40761000,AMZN
6/30/2023,129.470001,131.25,128.949997,130.360001,130.360001,54310500,AMZN
7/3/2023,130.820007,131.850006,130.070007,130.220001,130.220001,28264800,AMZN
7/5/2023,130.240005,131.399994,129.639999,130.380005,130.380005,35895400,AMZN
7/6/2023,128.25,128.729996,127.370003,128.360001,128.360001,40639900,AMZN
7/7/2023,128.589996,130.970001,128.130005,129.779999,129.779999,41928700,AMZN
7/10/2023,129.070007,129.279999,125.919998,127.129997,127.129997,61889300,AMZN
7/11/2023,127.75,129.770004,127.349998,128.779999,128.779999,49951500,AMZN
7/12/2023,130.309998,131.259995,128.830002,130.800003,130.800003,54022800,AMZN
7/13/2023,134.039993,134.669998,132.710007,134.300003,134.300003,61170900,AMZN
7/14/2023,134.059998,136.649994,134.059998,134.679993,134.679993,54388100,AMZN
7/17/2023,134.559998,135.619995,133.210007,133.559998,133.559998,48450200,AMZN
7/18/2023,132.710007,133.860001,131.350006,132.830002,132.830002,54969100,AMZN
7/19/2023,133.389999,135.990005,132.529999,135.360001,135.360001,54531000,AMZN
7/20/2023,134.070007,134.789993,129.330002,129.960007,129.960007,59820600,AMZN
7/21/2023,131.339996,131.369995,128.419998,130.0,130.0,133265000,AMZN
7/24/2023,130.309998,131.660004,128.350006,128.800003,128.800003,45591100,AMZN
7/25/2023,129.309998,129.580002,128.529999,129.130005,129.130005,39236700,AMZN
7/26/2023,126.510002,129.080002,126.110001,128.149994,128.149994,53910100,AMZN
7/27/2023,131.0,132.630005,127.790001,128.25,128.25,52610700,AMZN
7/28/2023,129.690002,133.009995,129.330002,132.210007,132.210007,46317400,AMZN
7/31/2023,133.199997,133.869995,132.380005,133.679993,133.679993,41901500,AMZN
8/1/2023,133.550003,133.690002,131.619995,131.690002,131.690002,42098500,AMZN
8/2/2023,130.149994,130.229996,126.82,128.210007,128.210007,51027600,AMZN
8/3/2023,127.480003,129.839996,126.410004,128.910004,128.910004,88585200,AMZN
8/4/2023,141.059998,143.630005,139.320007,139.570007,139.570007,152938700,AMZN
8/7/2023,140.990005,142.539993,138.949997,142.220001,142.220001,71213100,AMZN
8/8/2023,140.619995,140.839996,138.419998,139.940002,139.940002,51710500,AMZN
8/9/2023,139.970001,140.320007,137.100006,137.850006,137.850006,50017300,AMZN
8/10/2023,139.070007,140.410004,137.490005,138.559998,138.559998,58928400,AMZN
8/11/2023,137.399994,139.330002,137.0,138.410004,138.410004,42832100,AMZN
8/14/2023,138.300003,140.589996,137.75,140.570007,140.570007,47148700,AMZN
8/15/2023,140.050003,141.279999,137.229996,137.669998,137.669998,42781500,AMZN
8/16/2023,137.190002,137.270004,135.009995,135.070007,135.070007,41675900,AMZN
2/17/2023,101.0,101.089996,99.25,100.010002,100.010002,18121600,BABA
2/21/2023,96.5,97.625,94.699997,95.099998,95.099998,27172700,BABA
2/22/2023,95.574997,95.889999,93.555,94.779999,94.779999,24484000,BABA
2/23/2023,100.099998,100.470001,92.129997,94.160004,94.160004,40482900,BABA
2/24/2023,90.07,91.68,88.029999,89.0,89.0,36174500,BABA
2/27/2023,90.849998,91.239998,88.894997,89.25,89.25,25840000,BABA
2/28/2023,88.459999,89.339996,87.269997,87.790001,87.790001,24597200,BABA
3/1/2023,92.919998,92.919998,89.730003,89.949997,89.949997,35434900,BABA
3/2/2023,88.959999,90.918999,87.970001,89.75,89.75,24829000,BABA
3/3/2023,90.110001,90.459999,88.400002,89.699997,89.699997,25834300,BABA
3/6/2023,89.584999,91.300003,88.029999,89.620003,89.620003,16983900,BABA
3/7/2023,89.519997,90.050003,88.199997,88.730003,88.730003,14514700,BABA
3/8/2023,87.389999,87.769997,86.449997,86.949997,86.949997,14721500,BABA
3/9/2023,85.120003,85.690002,82.875,83.370003,83.370003,24327700,BABA
3/10/2023,82.639999,84.519997,82.330002,82.959999,82.959999,18123100,BABA
3/13/2023,83.010002,83.754997,81.970001,82.900002,82.900002,17848300,BABA
3/14/2023,82.860001,83.910004,82.160004,83.849998,83.849998,20126100,BABA
3/15/2023,81.550003,82.540001,80.150002,81.510002,81.510002,21025300,BABA
3/16/2023,81.459999,82.480003,80.660004,82.220001,82.220001,22877500,BABA
3/17/2023,84.0,84.160004,80.620003,81.669998,81.669998,23711100,BABA
3/20/2023,80.150002,81.900002,79.480003,81.0,81.0,19536500,BABA
3/21/2023,82.459999,84.087997,82.0,83.699997,83.699997,16529400,BABA
3/22/2023,84.839996,85.389999,83.510002,83.650002,83.650002,21204700,BABA
3/23/2023,87.68,88.379997,85.260002,86.519997,86.519997,26861400,BABA
3/24/2023,85.870003,88.110001,85.629997,86.900002,86.900002,20332500,BABA
3/27/2023,87.129997,88.220001,85.5,86.120003,86.120003,18258300,BABA
3/28/2023,95.349998,99.510002,92.059998,98.400002,98.400002,118875200,BABA
3/29/2023,97.589996,101.330002,96.279999,99.919998,99.919998,53695000,BABA
3/30/2023,101.339996,105.050003,100.5,103.379997,103.379997,57780700,BABA
3/31/2023,102.860001,103.599998,101.132004,102.18,102.18,28382600,BABA
4/3/2023,100.889999,101.75,97.610001,98.389999,98.389999,26888100,BABA
4/4/2023,98.940002,101.470001,97.260002,100.720001,100.720001,26868400,BABA
4/5/2023,99.239998,100.449997,97.660004,98.550003,98.550003,20117700,BABA
4/6/2023,98.529999,103.239998,98.269997,102.739998,102.739998,26849200,BABA
4/10/2023,100.620003,102.830002,100.589996,101.540001,101.540001,16308300,BABA
4/11/2023,102.459999,102.540001,99.199997,99.760002,99.760002,19017700,BABA
4/12/2023,97.82,98.889999,93.580002,93.839996,93.839996,35516000,BABA
4/13/2023,95.875,97.190002,95.095001,96.169998,96.169998,24231700,BABA
4/14/2023,95.629997,96.120003,93.839996,94.550003,94.550003,14098700,BABA
4/17/2023,96.739998,97.230003,95.489998,96.419998,96.419998,15714100,BABA
4/18/2023,99.019997,99.169998,95.181,95.489998,95.489998,20672300,BABA
4/19/2023,94.599998,94.82,92.949997,93.489998,93.489998,18985200,BABA
4/20/2023,93.349998,93.790001,90.050003,90.739998,90.739998,25533900,BABA
4/21/2023,89.959999,90.190002,88.300003,89.129997,89.129997,23097300,BABA
4/24/2023,88.400002,88.480003,86.040001,86.889999,86.889999,22757100,BABA
4/25/2023,85.32,85.699997,82.211998,82.919998,82.919998,36441300,BABA
4/26/2023,85.040001,85.220001,82.760002,82.82,82.82,24983000,BABA
4/27/2023,83.07,84.639999,82.639999,84.470001,84.470001,24506800,BABA
4/28/2023,84.18,85.080002,83.870003,84.690002,84.690002,18109300,BABA
5/1/2023,84.150002,85.279999,83.771004,84.160004,84.160004,12909200,BABA
5/2/2023,83.150002,83.279999,80.653999,81.529999,81.529999,20689500,BABA
5/3/2023,81.305,82.0,80.489998,81.480003,81.480003,17759400,BABA
5/4/2023,82.389999,83.129997,81.800003,82.489998,82.489998,23773800,BABA
5/5/2023,82.75,83.379997,82.029999,83.220001,83.220001,17500600,BABA
5/8/2023,83.629997,83.699997,82.339996,83.309998,83.309998,17392900,BABA
5/9/2023,80.544998,82.660004,80.150002,82.220001,82.220001,13457400,BABA
5/10/2023,82.139999,84.5,81.769997,82.949997,82.949997,16868100,BABA
5/11/2023,85.43,88.480003,84.82,87.889999,87.889999,28104200,BABA
5/12/2023,86.709999,86.709999,84.760002,85.339996,85.339996,19031400,BABA
5/15/2023,87.129997,88.400002,85.833,88.339996,88.339996,23691200,BABA
5/16/2023,87.110001,89.370003,87.059998,88.760002,88.760002,18177900,BABA
5/17/2023,88.459999,91.43,88.010002,90.68,90.68,27670700,BABA
5/18/2023,90.809998,91.0,85.0,85.769997,85.769997,60258600,BABA
5/19/2023,83.849998,85.199997,83.480003,83.980003,83.980003,21538500,BABA
5/22/2023,85.669998,87.480003,85.650002,86.099998,86.099998,16951300,BABA
5/23/2023,84.160004,84.974998,82.699997,82.879997,82.879997,19917800,BABA
5/24/2023,82.165001,82.599998,80.879997,81.209999,81.209999,17045800,BABA
5/25/2023,80.589996,80.709999,78.120003,78.779999,78.779999,21811600,BABA
5/26/2023,79.900002,81.566002,78.400002,80.970001,80.970001,16399200,BABA
5/30/2023,80.120003,80.699997,78.169998,78.669998,78.669998,21209600,BABA
5/31/2023,79.580002,79.665001,77.769997,79.550003,79.550003,16206300,BABA
6/1/2023,79.349998,84.0,79.349998,83.0,83.0,23217600,BABA
6/2/2023,85.080002,86.029999,84.139999,84.269997,84.269997,17574200,BABA
6/5/2023,83.989998,84.57,83.239998,84.400002,84.400002,8204000,BABA
6/6/2023,83.5,87.059998,83.370003,86.699997,86.699997,18452000,BABA
6/7/2023,85.720001,86.949997,85.089996,85.279999,85.279999,12886700,BABA
6/8/2023,85.169998,86.949997,85.169998,86.139999,86.139999,11281000,BABA
6/9/2023,86.059998,86.837997,85.065002,85.5,85.5,12882700,BABA
6/12/2023,86.010002,87.290001,85.629997,85.860001,85.860001,11559000,BABA
6/13/2023,87.959999,89.220001,87.25,87.510002,87.510002,16814100,BABA
6/14/2023,87.970001,90.120003,87.709999,89.360001,89.360001,21519300,BABA
6/15/2023,91.459999,92.769997,90.599998,92.199997,92.199997,26570500,BABA
6/16/2023,94.0,94.290001,91.519997,92.099998,92.099998,25048200,BABA
6/20/2023,89.830002,90.199997,87.32,87.93,87.93,23382900,BABA
6/21/2023,87.379997,89.160004,86.620003,86.769997,86.769997,15159900,BABA
6/22/2023,86.779999,87.315002,85.32,86.889999,86.889999,10272700,BABA
6/23/2023,85.809998,85.938004,84.370003,84.919998,84.919998,14830800,BABA
6/26/2023,85.32,86.709999,85.209999,85.470001,85.470001,10808700,BABA
6/27/2023,86.82,87.614998,86.714996,87.129997,87.129997,13994500,BABA
6/28/2023,85.75,85.75,84.379997,84.589996,84.589996,14113800,BABA
6/29/2023,83.389999,83.989998,83.0,83.550003,83.550003,13362500,BABA
6/30/2023,83.230003,84.230003,83.010002,83.349998,83.349998,12154300,BABA
7/3/2023,84.870003,85.635002,84.0,84.07,84.07,11514400,BABA
7/5/2023,83.980003,84.690002,82.82,84.300003,84.300003,11203900,BABA
7/6/2023,83.120003,83.949997,82.639999,83.839996,83.839996,12930300,BABA
7/7/2023,86.760002,91.57,86.629997,90.550003,90.550003,46815900,BABA
7/10/2023,90.050003,92.040001,89.599998,90.559998,90.559998,25401800,BABA
7/11/2023,91.019997,92.32,89.010002,91.790001,91.790001,20768800,BABA
7/12/2023,94.110001,95.029999,92.550003,94.0,94.0,24161400,BABA
7/13/2023,95.029999,97.004997,94.599998,96.610001,96.610001,24021400,BABA
7/14/2023,95.220001,96.089996,94.239998,94.559998,94.559998,18870000,BABA
7/17/2023,92.25,93.550003,91.040001,93.410004,93.410004,17317300,BABA
7/18/2023,91.540001,92.209999,90.150002,91.199997,91.199997,20249700,BABA
7/19/2023,93.57,94.709999,92.089996,92.089996,92.089996,17228100,BABA
7/20/2023,91.690002,93.120003,91.349998,91.900002,91.900002,14753000,BABA
7/21/2023,92.889999,93.230003,91.540001,92.169998,92.169998,13882900,BABA
7/24/2023,92.07,97.469002,91.300003,96.349998,96.349998,33376100,BABA
7/25/2023,98.169998,98.489998,94.610001,94.980003,94.980003,25827300,BABA
7/26/2023,94.949997,97.544998,94.839996,97.139999,97.139999,15833400,BABA
7/27/2023,97.75,97.989998,95.161003,95.440002,95.440002,18685500,BABA
7/28/2023,98.07,101.220001,97.959999,100.550003,100.550003,31956500,BABA
7/31/2023,99.790001,102.5,99.720001,102.160004,102.160004,17726500,BABA
8/1/2023,99.870003,101.160004,99.300003,100.099998,100.099998,14333700,BABA
8/2/2023,97.720001,97.739998,94.559998,95.07,95.07,19452300,BABA
8/3/2023,96.709999,98.489998,96.580002,97.580002,97.580002,15370900,BABA
8/4/2023,97.735001,98.489998,96.690002,96.900002,96.900002,13434800,BABA
8/7/2023,97.779999,97.800003,95.029999,96.559998,96.559998,13893900,BABA
8/8/2023,93.510002,94.480003,92.921997,94.220001,94.220001,13504700,BABA
8/9/2023,96.025002,96.300003,94.080002,94.849998,94.849998,18640100,BABA
8/10/2023,98.309998,101.839996,97.120003,99.209999,99.209999,53193100,BABA
8/11/2023,97.339996,97.650002,94.339996,95.720001,95.720001,25185600,BABA
8/14/2023,94.239998,94.449997,92.529999,93.459999,93.459999,17581000,BABA
8/15/2023,93.0,93.010002,90.745003,91.589996,91.589996,14756300,BABA
8/16/2023,89.629997,90.5,88.290001,89.120003,89.120003,23292400,BABA
2/17/2023,35.080002,35.389999,34.740002,35.349998,34.844154,28562700,BAC
2/21/2023,34.91,35.049999,34.27,34.52,34.026035,37068900,BAC
2/22/2023,34.360001,34.549999,34.07,34.290001,33.799328,38550400,BAC
2/23/2023,34.400002,34.599998,33.860001,34.259998,33.769756,28488000,BAC
2/24/2023,33.860001,34.290001,33.84,34.209999,33.72047,27046600,BAC
2/27/2023,34.450001,34.689999,34.169998,34.209999,33.72047,30137500,BAC
2/28/2023,34.349998,34.490002,34.18,34.299999,33.809181,32620600,BAC
3/1/2023,34.150002,34.490002,33.98,34.139999,33.65147,29281600,BAC
3/2/2023,33.66,33.700001,33.0,33.490002,33.224876,44607200,BAC
3/3/2023,33.650002,34.290001,33.650002,34.16,33.889572,39109100,BAC
3/6/2023,34.240002,34.560001,33.990002,34.09,33.820126,36646700,BAC
3/7/2023,33.849998,33.900002,32.799999,33.0,32.738754,52855300,BAC
3/8/2023,32.66,32.970001,32.439999,32.560001,32.302238,40045600,BAC
3/9/2023,32.279999,32.389999,30.309999,30.540001,30.298231,112457900,BAC
3/10/2023,30.32,31.040001,28.92,30.27,30.030367,165330900,BAC
3/13/2023,28.92,29.719999,27.870001,28.51,28.2843,218403300,BAC
3/14/2023,29.99,30.09,28.469999,28.76,28.532322,154255800,BAC
3/15/2023,27.879999,28.559999,27.68,28.49,28.264458,131104400,BAC
3/16/2023,28.379999,29.469999,28.110001,28.969999,28.740658,108348800,BAC
3/17/2023,28.66,28.66,27.620001,27.82,27.599762,130665500,BAC
3/20/2023,28.24,28.43,27.65,27.75,27.530317,81441200,BAC
3/21/2023,28.629999,28.98,28.51,28.59,28.363667,84854800,BAC
3/22/2023,28.709999,28.74,27.639999,27.639999,27.421186,76925900,BAC
3/23/2023,28.0,28.09,26.790001,26.969999,26.756491,105335900,BAC
3/24/2023,26.6,27.290001,26.32,27.139999,26.925146,96872700,BAC
3/27/2023,27.93,28.65,27.91,28.49,28.264458,102469800,BAC
3/28/2023,28.379999,28.65,27.98,28.120001,27.897388,63416500,BAC
3/29/2023,28.49,28.77,28.24,28.67,28.443033,62666400,BAC
3/30/2023,28.92,29.059999,28.110001,28.299999,28.075962,67427100,BAC
3/31/2023,28.620001,28.68,28.26,28.6,28.373589,56482100,BAC
4/3/2023,28.639999,28.98,28.33,28.59,28.363667,51996800,BAC
4/4/2023,28.549999,28.65,27.66,27.98,27.758495,56233300,BAC
4/5/2023,27.66,27.91,27.459999,27.639999,27.421186,47799400,BAC
4/6/2023,27.719999,28.01,27.620001,27.84,27.619604,41216600,BAC
4/10/2023,27.67,28.1,27.65,27.940001,27.718813,40572700,BAC
4/11/2023,28.02,28.75,27.959999,28.709999,28.482716,58761200,BAC
4/12/2023,28.68,29.01,28.370001,28.48,28.254538,44313300,BAC
4/13/2023,28.559999,28.639999,28.24,28.559999,28.333904,52261400,BAC
4/14/2023,29.299999,29.870001,29.25,29.52,29.286304,81110800,BAC
4/17/2023,29.77,30.41,29.4,30.370001,30.129576,83704400,BAC
4/18/2023,30.799999,30.93,29.799999,30.559999,30.318071,114498800,BAC
4/19/2023,30.129999,30.200001,29.790001,30.059999,29.822029,65594200,BAC
4/20/2023,29.84,30.23,29.77,29.9,29.663296,43193800,BAC
4/21/2023,29.75,29.98,29.41,29.870001,29.633535,44759000,BAC
4/24/2023,29.790001,29.9,29.59,29.76,29.524405,28020300,BAC
4/25/2023,29.450001,29.530001,28.82,28.84,28.611689,49718800,BAC
4/26/2023,28.76,28.940001,28.299999,28.440001,28.214855,45848400,BAC
4/27/2023,28.52,29.08,28.52,28.889999,28.661291,33060100,BAC
4/28/2023,28.530001,29.43,28.51,29.280001,29.048204,45532800,BAC
5/1/2023,29.5,29.540001,29.0,29.040001,28.810106,34076800,BAC
5/2/2023,28.85,28.860001,27.709999,28.16,27.937071,70797700,BAC
5/3/2023,28.16,28.5,27.809999,27.860001,27.639446,51139500,BAC
5/4/2023,27.58,27.809999,26.83,26.99,26.776333,82173800,BAC
5/5/2023,27.620001,27.889999,27.469999,27.709999,27.490633,50050100,BAC
5/8/2023,28.08,28.15,27.66,27.690001,27.470793,34245500,BAC
5/9/2023,27.42,27.83,27.24,27.66,27.441029,32188800,BAC
5/10/2023,27.959999,28.0,27.02,27.32,27.10372,44446400,BAC
5/11/2023,27.01,27.49,26.879999,27.389999,27.173166,34897300,BAC
5/12/2023,27.52,27.549999,26.879999,27.09,26.875542,38101300,BAC
5/15/2023,27.1,27.82,27.030001,27.65,27.431108,38722800,BAC
5/16/2023,27.780001,27.9,27.33,27.360001,27.143404,33347500,BAC
5/17/2023,27.74,28.67,27.73,28.57,28.343824,61750400,BAC
5/18/2023,28.440001,28.5,28.0,28.469999,28.244616,51146100,BAC
5/19/2023,28.459999,28.67,28.030001,28.110001,27.887468,49984200,BAC
5/22/2023,28.299999,28.450001,28.01,28.34,28.115646,36473700,BAC
5/23/2023,28.32,29.08,28.299999,28.58,28.353746,51400400,BAC
5/24/2023,28.33,28.51,28.0,28.1,27.877546,50606900,BAC
5/25/2023,27.99,28.24,27.879999,28.17,27.946993,40517800,BAC
5/26/2023,28.200001,28.4,27.790001,28.309999,28.085882,57879100,BAC
5/30/2023,28.32,28.49,27.950001,28.26,28.03628,41819600,BAC
5/31/2023,28.1,28.16,27.48,27.790001,27.570002,61905200,BAC
6/1/2023,27.76,27.98,27.34,27.780001,27.780001,57426100,BAC
6/2/2023,28.16,28.950001,28.120001,28.709999,28.709999,66511100,BAC
6/5/2023,28.82,28.82,28.299999,28.540001,28.540001,34757800,BAC
6/6/2023,28.459999,29.43,28.450001,29.23,29.23,46297900,BAC
6/7/2023,29.299999,29.65,29.01,29.48,29.48,44502600,BAC
6/8/2023,29.280001,29.379999,28.99,29.23,29.23,41483100,BAC
6/9/2023,29.200001,29.4,29.08,29.27,29.27,32671800,BAC
6/12/2023,29.299999,29.559999,28.91,29.129999,29.129999,41011300,BAC
6/13/2023,29.129999,29.799999,29.030001,29.4,29.4,42718800,BAC
6/14/2023,29.57,29.73,28.99,29.120001,29.120001,38322800,BAC
6/15/2023,28.9,29.469999,28.690001,29.370001,29.370001,42044900,BAC
6/16/2023,29.530001,29.68,29.16,29.190001,29.190001,53028200,BAC
6/20/2023,29.01,29.040001,28.58,28.870001,28.870001,39040900,BAC
6/21/2023,28.780001,29.0,28.540001,28.57,28.57,39553400,BAC
6/22/2023,28.5,28.530001,27.9,27.959999,27.959999,50742900,BAC
6/23/2023,27.74,27.889999,27.59,27.75,27.75,54998400,BAC
6/26/2023,27.799999,28.280001,27.790001,28.09,28.09,47519300,BAC
6/27/2023,28.1,28.4,27.950001,28.24,28.24,39081800,BAC
6/28/2023,28.25,28.27,27.9,28.07,28.07,37803800,BAC
6/29/2023,28.5,29.0,28.4,28.66,28.66,68376400,BAC
6/30/2023,28.940001,29.110001,28.67,28.690001,28.690001,50370700,BAC
7/3/2023,28.700001,29.35,28.65,29.200001,29.200001,30995800,BAC
7/5/2023,29.139999,29.42,28.950001,29.08,29.08,37492000,BAC
7/6/2023,28.799999,28.82,28.1,28.280001,28.280001,52098000,BAC
7/7/2023,28.299999,28.82,28.290001,28.530001,28.530001,34231500,BAC
7/10/2023,28.59,28.85,28.469999,28.66,28.66,36086000,BAC
7/11/2023,28.66,29.08,28.42,29.02,29.02,40978700,BAC
7/12/2023,29.51,29.889999,29.27,29.360001,29.360001,41855500,BAC
7/13/2023,29.52,29.870001,29.41,29.67,29.67,39589000,BAC
7/14/2023,30.0,30.1,29.049999,29.110001,29.110001,58660500,BAC
7/17/2023,29.15,29.559999,29.120001,29.4,29.4,49477200,BAC
7/18/2023,30.0,30.860001,29.92,30.700001,30.700001,98253800,BAC
7/19/2023,30.889999,31.700001,30.690001,31.530001,31.530001,70619800,BAC
7/20/2023,31.33,31.799999,31.26,31.690001,31.690001,42128800,BAC
7/21/2023,31.870001,32.110001,31.42,31.98,31.98,70813600,BAC
7/24/2023,32.0,32.849998,31.98,32.650002,32.650002,64548600,BAC
7/25/2023,32.759998,32.790001,32.07,32.150002,32.150002,51208800,BAC
7/26/2023,32.240002,32.540001,32.150002,32.41,32.41,41814600,BAC
7/27/2023,32.43,32.740002,31.82,31.950001,31.950001,45529500,BAC
7/28/2023,32.150002,32.16,31.709999,31.9,31.9,33296500,BAC
7/31/2023,31.9,32.25,31.780001,32.0,32.0,29093400,BAC
8/1/2023,31.84,31.940001,31.42,31.620001,31.620001,32712000,BAC
8/2/2023,31.16,31.280001,30.780001,31.190001,31.190001,38855100,BAC
8/3/2023,30.940001,31.549999,30.879999,31.41,31.41,27933400,BAC
8/4/2023,31.360001,31.67,31.17,31.299999,31.299999,30755100,BAC
8/7/2023,31.41,31.9,31.41,31.879999,31.879999,31745200,BAC
8/8/2023,31.299999,31.309999,30.48,31.27,31.27,45951800,BAC
8/9/2023,31.219999,31.280001,30.83,30.860001,30.860001,30732100,BAC
8/10/2023,31.01,31.32,30.799999,30.940001,30.940001,26062600,BAC
8/11/2023,30.799999,31.4,30.75,31.290001,31.290001,35709900,BAC
8/14/2023,31.049999,31.110001,30.75,30.93,30.93,32563700,BAC
8/15/2023,30.5,30.549999,29.84,29.940001,29.940001,43406100,BAC
8/16/2023,29.75,29.84,29.209999,29.290001,29.290001,47220400,BAC
2/17/2023,216.309998,217.399994,209.75,213.880005,213.821564,46588800,NVDA
2/21/2023,210.0,214.940002,206.179993,206.550003,206.493561,41001500,NVDA
2/22/2023,207.070007,211.039993,204.210007,207.539993,207.483276,51318400,NVDA
2/23/2023,234.399994,238.880005,230.25,236.639999,236.575333,111799500,NVDA
2/24/2023,232.25,234.740005,229.470001,232.860001,232.796371,58971600,NVDA
2/27/2023,236.699997,238.800003,234.539993,235.009995,234.945786,45299400,NVDA
2/28/2023,233.720001,238.25,232.059998,232.160004,232.096558,45596300,NVDA
3/1/2023,231.919998,232.559998,225.080002,226.979996,226.917969,46002600,NVDA
3/2/2023,224.880005,233.800003,224.320007,233.139999,233.076279,38941500,NVDA
3/3/2023,233.199997,239.0,231.300003,238.899994,238.834702,41239300,NVDA
3/6/2023,238.910004,242.479996,234.869995,235.539993,235.475632,43742900,NVDA
3/7/2023,236.0,241.25,232.410004,232.880005,232.855911,51515400,NVDA
3/8/2023,234.869995,242.0,234.240005,241.809998,241.784973,51357300,NVDA
3/9/2023,241.75,244.539993,233.830002,234.360001,234.335754,50125700,NVDA
3/10/2023,234.089996,236.270004,227.259995,229.649994,229.626236,47486600,NVDA
3/13/2023,227.520004,232.979996,222.970001,229.660004,229.636246,42189000,NVDA
3/14/2023,234.960007,242.190002,234.600006,240.630005,240.605103,47491000,NVDA
3/15/2023,237.610001,242.860001,233.600006,242.279999,242.254929,52448600,NVDA
3/16/2023,240.270004,255.880005,238.940002,255.410004,255.383575,58325300,NVDA
3/17/2023,259.820007,263.98999,256.679993,257.25,257.223389,84854700,NVDA
3/20/2023,256.149994,260.23999,251.300003,259.0,258.973206,43274700,NVDA
3/21/2023,261.799988,263.920013,253.809998,261.98999,261.962891,54740800,NVDA
3/22/2023,264.25,275.890015,262.369995,264.679993,264.652618,79729500,NVDA
3/23/2023,271.149994,274.98999,266.899994,271.910004,271.881866,56488900,NVDA
3/24/2023,270.309998,271.670013,263.549988,267.790009,267.762299,45492000,NVDA
3/27/2023,268.369995,270.0,263.649994,265.309998,265.282532,36102600,NVDA
3/28/2023,264.470001,265.130005,258.5,264.100006,264.072693,35610400,NVDA
3/29/2023,268.25,270.779999,265.970001,269.839996,269.812073,39369400,NVDA
3/30/2023,272.290009,274.98999,271.019989,273.829987,273.801666,36451600,NVDA
3/31/2023,271.399994,278.339996,271.049988,277.769989,277.741241,43393300,NVDA
4/3/2023,275.089996,280.0,273.359985,279.649994,279.621063,39871600,NVDA
4/4/2023,279.660004,280.0,273.070007,274.529999,274.501587,36859200,NVDA
4/5/2023,268.290009,269.980011,263.950012,268.809998,268.782196,51501500,NVDA
4/6/2023,265.839996,270.799988,264.269989,270.369995,270.34201,39765400,NVDA
4/10/2023,268.230011,276.209991,266.690002,275.790009,275.761475,39527900,NVDA
4/11/2023,277.23999,277.899994,271.26001,271.690002,271.661896,31437800,NVDA
4/12/2023,273.700012,274.679993,264.480011,264.950012,264.922607,44625900,NVDA
4/13/2023,267.339996,268.869995,263.290009,264.630005,264.602631,35361500,NVDA
4/14/2023,265.040009,268.829987,262.200012,267.579987,267.552307,39566000,NVDA
4/17/2023,265.649994,270.059998,264.329987,270.019989,269.992035,32147100,NVDA
4/18/2023,275.329987,281.100006,273.570007,276.670013,276.641388,60481200,NVDA
4/19/2023,273.609985,280.0,272.320007,279.309998,279.281097,35866000,NVDA
4/20/2023,276.709991,280.299988,270.0,271.040009,271.011963,42771300,NVDA
4/21/2023,269.519989,271.829987,267.220001,271.190002,271.161926,34510300,NVDA
4/24/2023,270.130005,273.660004,266.709991,270.420013,270.392029,33928200,NVDA
4/25/2023,270.779999,272.470001,262.25,262.410004,262.382843,37852700,NVDA
4/26/2023,270.019989,273.299988,267.049988,269.559998,269.532104,40633700,NVDA
4/27/2023,273.630005,274.950012,266.25,272.26001,272.231842,37716100,NVDA
4/28/2023,272.25,277.579987,270.709991,277.48999,277.461273,29168700,NVDA
5/1/2023,278.399994,290.579987,277.799988,289.100006,289.070099,57032900,NVDA
5/2/2023,286.799988,288.359985,280.829987,282.100006,282.070831,40273000,NVDA
5/3/2023,278.399994,283.670013,274.720001,278.019989,277.991211,38338700,NVDA
5/4/2023,276.51001,278.589996,272.399994,275.619995,275.591461,32185000,NVDA
5/5/2023,278.26001,287.549988,277.309998,286.799988,286.770325,36101400,NVDA
5/8/2023,285.220001,292.200012,283.5,291.51001,291.479858,34497900,NVDA
5/9/2023,288.98999,289.730011,284.5,285.709991,285.68042,31486900,NVDA
5/10/2023,290.049988,291.130005,284.609985,288.850006,288.820129,36935000,NVDA
5/11/2023,288.959991,289.5,282.459991,285.779999,285.750427,32214900,NVDA
5/12/2023,285.290009,287.799988,280.459991,283.399994,283.370667,27402700,NVDA
5/15/2023,285.079987,289.690002,281.519989,289.529999,289.500031,29392600,NVDA
5/16/2023,288.410004,298.700012,288.320007,292.130005,292.099762,44940500,NVDA
5/17/2023,295.839996,301.98999,294.299988,301.779999,301.748779,43253500,NVDA
5/18/2023,304.100006,318.279999,303.200012,316.779999,316.747223,74872500,NVDA
5/19/2023,315.359985,315.799988,309.160004,312.640015,312.607666,47312400,NVDA
5/22/2023,309.01001,315.200012,306.799988,311.76001,311.727753,37200000,NVDA
5/23/2023,310.0,312.880005,306.309998,306.880005,306.848236,35625300,NVDA
5/24/2023,302.100006,306.070007,298.059998,305.380005,305.348419,72141900,NVDA
5/25/2023,385.230011,394.799988,366.350006,379.799988,379.760681,154391100,NVDA
5/26/2023,378.899994,391.700012,375.5,389.459991,389.419678,71439700,NVDA
5/30/2023,405.950012,419.380005,399.48999,401.109985,401.068481,92340100,NVDA
5/31/2023,394.880005,402.950012,378.220001,378.339996,378.300842,100258000,NVDA
6/1/2023,384.890015,400.5,383.399994,397.700012,397.658875,63587300,NVDA
6/2/2023,400.970001,405.0,390.579987,393.269989,393.229309,48165500,NVDA
6/5/2023,389.089996,395.649994,387.070007,391.709991,391.669464,39609400,NVDA
6/6/2023,388.299988,391.600006,381.480011,386.540009,386.5,38872900,NVDA
6/7/2023,389.149994,394.98999,373.559998,374.75,374.75,51199800,NVDA
6/8/2023,377.23999,388.640015,375.049988,385.100006,385.100006,41777200,NVDA
6/9/2023,390.369995,397.109985,385.670013,387.700012,387.700012,42722000,NVDA
6/12/2023,392.0,395.299988,386.179993,394.820007,394.820007,38870100,NVDA
6/13/2023,401.859985,411.01001,397.399994,410.220001,410.220001,61320800,NVDA
6/14/2023,408.23999,430.0,405.519989,429.970001,429.970001,74046500,NVDA
6/15/2023,426.019989,432.890015,421.470001,426.529999,426.529999,56862200,NVDA
6/16/2023,434.5,437.209991,426.609985,426.920013,426.920013,65475500,NVDA
6/20/2023,429.980011,439.899994,426.73999,438.079987,438.079987,45115300,NVDA
6/21/2023,435.01001,436.149994,420.799988,430.450012,430.450012,55160300,NVDA
6/22/2023,422.529999,434.26001,422.339996,430.25,430.25,41773700,NVDA
6/23/2023,424.640015,428.089996,420.149994,422.089996,422.089996,35632300,NVDA
6/26/2023,424.609985,427.640015,401.0,406.320007,406.320007,59432200,NVDA
6/27/2023,407.98999,419.399994,404.480011,418.76001,418.76001,46217500,NVDA
6/28/2023,406.600006,418.450012,405.179993,411.170013,411.170013,58263900,NVDA
6/29/2023,415.579987,416.0,406.0,408.220001,408.220001,38051400,NVDA
6/30/2023,416.799988,425.5,415.01001,423.019989,423.019989,50053400,NVDA
7/3/2023,425.170013,428.980011,422.019989,424.130005,424.130005,19820900,NVDA
7/5/2023,421.350006,431.769989,420.850006,423.170013,423.170013,32361800,NVDA
7/6/2023,418.440002,421.790009,413.459991,421.029999,421.029999,30358200,NVDA
7/7/2023,423.220001,432.140015,421.799988,425.029999,425.029999,35525300,NVDA
7/10/2023,426.570007,428.109985,416.48999,421.799988,421.799988,35390800,NVDA
7/11/2023,424.809998,427.579987,420.670013,424.049988,424.049988,29824400,NVDA
7/12/2023,430.329987,439.350006,427.769989,439.019989,439.019989,48127700,NVDA
7/13/2023,445.179993,461.549988,444.920013,459.769989,459.769989,47820400,NVDA
7/14/2023,465.829987,480.880005,450.600006,454.690002,454.690002,77066400,NVDA
7/17/2023,462.890015,464.959991,452.619995,464.609985,464.609985,51048800,NVDA
7/18/2023,467.01001,478.959991,457.339996,474.940002,474.940002,57019000,NVDA
7/19/2023,474.640015,478.179993,467.420013,470.769989,470.769989,42750200,NVDA
7/20/2023,465.070007,470.869995,450.619995,455.200012,455.200012,53786500,NVDA
7/21/2023,457.880005,458.660004,441.0,443.089996,443.089996,96283200,NVDA
7/24/2023,447.309998,451.089996,440.399994,446.119995,446.119995,38251600,NVDA
7/25/2023,449.410004,461.829987,449.230011,456.790009,456.790009,34808100,NVDA
7/26/2023,460.209991,460.529999,446.299988,454.519989,454.519989,36423700,NVDA
7/27/2023,465.190002,473.950012,457.5,459.0,459.0,45597600,NVDA
7/28/2023,466.679993,470.269989,463.809998,467.5,467.5,33119400,NVDA
7/31/2023,467.540009,471.299988,465.059998,467.290009,467.290009,25105500,NVDA
8/1/2023,464.600006,469.0,460.269989,465.070007,465.070007,23785800,NVDA
8/2/2023,458.309998,458.399994,433.869995,442.690002,442.690002,53014200,NVDA
8/3/2023,438.0,451.179993,438.0,445.149994,445.149994,32417600,NVDA
8/4/2023,449.850006,456.420013,443.929993,446.799988,446.799988,36225800,NVDA
8/7/2023,451.109985,455.399994,445.630005,454.170013,454.170013,32215400,NVDA
8/8/2023,448.529999,452.420013,440.559998,446.640015,446.640015,35384300,NVDA
8/9/2023,442.73999,443.119995,421.339996,425.540009,425.540009,58644900,NVDA
8/10/2023,421.600006,435.73999,418.350006,423.880005,423.880005,49270500,NVDA
8/11/2023,417.51001,420.179993,406.390015,408.549988,408.549988,53200900,NVDA
8/14/2023,404.859985,438.0,403.109985,437.529999,437.529999,69028600,NVDA
8/15/2023,445.600006,452.679993,437.100006,439.399994,439.399994,67651200,NVDA
8/16/2023,445.200012,446.75,434.059998,434.859985,434.859985,52745100,NVDA
2/17/2023,79.599998,79.650002,77.370003,78.5,78.5,47826600,AMD
2/21/2023,77.150002,78.459999,76.449997,76.769997,76.769997,44045600,AMD
2/22/2023,76.93,78.129997,75.919998,76.610001,76.610001,50286800,AMD
2/23/2023,80.629997,81.790001,77.970001,79.75,79.75,76391300,AMD
2/24/2023,77.75,78.809998,76.940002,78.089996,78.089996,46700000,AMD
2/27/2023,79.639999,80.120003,78.529999,78.769997,78.769997,45617300,AMD
2/28/2023,77.870003,80.139999,77.419998,78.580002,78.580002,44220100,AMD
3/1/2023,78.550003,80.290001,77.879997,78.290001,78.290001,44266000,AMD
3/2/2023,77.57,80.919998,76.650002,80.440002,80.440002,60108600,AMD
3/3/2023,80.400002,81.629997,79.339996,81.519997,81.519997,54536200,AMD
3/6/2023,82.029999,83.300003,81.040001,81.160004,81.160004,54541300,AMD
3/7/2023,81.07,84.849998,80.669998,82.110001,82.110001,70959000,AMD
3/8/2023,82.790001,85.769997,82.279999,85.370003,85.370003,69529800,AMD
3/9/2023,85.290001,87.809998,83.589996,84.029999,84.029999,79496700,AMD
3/10/2023,84.470001,85.449997,81.629997,82.669998,82.669998,70273600,AMD
3/13/2023,81.389999,83.830002,78.519997,82.010002,82.010002,65269100,AMD
3/14/2023,83.669998,88.300003,83.589996,87.449997,87.449997,66616300,AMD
3/15/2023,86.769997,90.419998,86.220001,89.68,89.68,86177400,AMD
3/16/2023,89.720001,96.690002,89.019997,96.599998,96.599998,115839200,AMD
3/17/2023,96.660004,98.75,95.940002,97.839996,97.839996,94080800,AMD
3/20/2023,96.300003,96.940002,92.900002,96.809998,96.809998,92008900,AMD
3/21/2023,97.0,99.459999,93.639999,95.93,95.93,85285300,AMD
3/22/2023,95.650002,101.699997,95.639999,97.580002,97.580002,110816300,AMD
3/23/2023,100.050003,102.43,98.669998,100.279999,100.279999,84088900,AMD
3/24/2023,99.18,99.519997,96.739998,97.949997,97.949997,64712400,AMD
3/27/2023,98.019997,98.93,95.43,96.610001,96.610001,57461400,AMD
3/28/2023,96.769997,96.940002,92.870003,94.559998,94.559998,59150100,AMD
3/29/2023,96.07,96.910004,94.870003,96.089996,96.089996,55326000,AMD
3/30/2023,98.0,99.529999,97.25,97.879997,97.879997,59678500,AMD
3/31/2023,96.339996,98.360001,95.269997,98.010002,98.010002,55861100,AMD
4/3/2023,96.699997,96.790001,94.809998,96.559998,96.559998,50655300,AMD
4/4/2023,97.040001,97.269997,95.209999,95.870003,95.870003,43195900,AMD
4/5/2023,94.349998,94.5,91.360001,92.559998,92.559998,52979300,AMD
4/6/2023,91.470001,92.910004,90.620003,92.470001,92.470001,47778400,AMD
4/10/2023,91.32,95.800003,91.019997,95.480003,95.480003,52536300,AMD
4/11/2023,96.059998,96.07,92.690002,94.029999,94.029999,51935800,AMD
4/12/2023,94.970001,95.0,91.739998,92.330002,92.330002,53383100,AMD
4/13/2023,92.790001,93.160004,91.830002,92.089996,92.089996,40572500,AMD
4/14/2023,91.82,92.970001,90.5,91.75,91.75,38734800,AMD
4/17/2023,90.230003,90.690002,88.300003,89.870003,89.870003,47250800,AMD
4/18/2023,91.610001,92.160004,89.330002,89.779999,89.779999,46246300,AMD
4/19/2023,88.510002,90.540001,88.220001,89.940002,89.940002,37344500,AMD
4/20/2023,88.830002,91.580002,88.730003,90.110001,90.110001,47082700,AMD
4/21/2023,89.800003,89.800003,88.059998,88.43,88.43,41118300,AMD
4/24/2023,88.110001,88.639999,86.339996,87.57,87.57,40423800,AMD
4/25/2023,86.900002,87.059998,83.760002,83.800003,83.800003,52771500,AMD
4/26/2023,86.510002,87.349998,85.32,85.940002,85.940002,47786600,AMD
4/27/2023,86.410004,87.57,84.089996,87.440002,87.440002,53087200,AMD
4/28/2023,87.019997,89.75,86.440002,89.370003,89.370003,50652100,AMD
5/1/2023,91.029999,91.040001,88.610001,89.690002,89.690002,59358700,AMD
5/2/2023,89.32,90.459999,88.120003,89.910004,89.910004,70483500,AMD
5/3/2023,83.540001,85.480003,81.019997,81.620003,81.620003,109482200,AMD
5/4/2023,81.57,91.639999,81.110001,86.610001,86.610001,122840500,AMD
5/5/2023,84.989998,90.43,84.720001,89.839996,89.839996,78407400,AMD
5/8/2023,89.989998,95.660004,89.169998,95.040001,95.040001,95503200,AMD
5/9/2023,94.889999,96.160004,93.43,95.059998,95.059998,68674800,AMD
5/10/2023,96.419998,99.940002,96.120003,97.019997,97.019997,95619500,AMD
5/11/2023,98.160004,99.190002,96.139999,97.099998,97.099998,57061000,AMD
5/12/2023,96.830002,97.449997,93.68,95.260002,95.260002,53790400,AMD
5/15/2023,95.199997,97.43,93.449997,97.400002,97.400002,51749200,AMD
5/16/2023,97.389999,103.279999,97.309998,101.480003,101.480003,90622900,AMD
5/17/2023,101.790001,104.139999,100.050003,103.75,103.75,75240900,AMD
5/18/2023,103.980003,108.099998,103.93,107.93,107.93,74338700,AMD
5/19/2023,106.360001,107.290001,104.620003,105.82,105.82,67830600,AMD
5/22/2023,104.68,108.790001,103.489998,108.0,108.0,65424200,AMD
5/23/2023,107.25,110.989998,107.190002,108.120003,108.120003,73099100,AMD
5/24/2023,105.980003,108.910004,105.639999,108.269997,108.269997,65910500,AMD
5/25/2023,117.309998,120.690002,115.800003,120.349998,120.349998,108514700,AMD
5/26/2023,122.459999,127.43,120.889999,127.029999,127.029999,92922800,AMD
5/30/2023,130.419998,130.789993,123.510002,125.269997,125.269997,98902300,AMD
5/31/2023,122.419998,123.959999,117.860001,118.209999,118.209999,87552200,AMD
6/1/2023,117.290001,121.279999,116.599998,119.470001,119.470001,66032900,AMD
6/2/2023,120.75,121.660004,117.68,117.860001,117.860001,52331100,AMD
6/5/2023,116.589996,119.32,116.419998,117.93,117.93,52602900,AMD
6/6/2023,117.910004,124.419998,117.739998,124.230003,124.230003,75257500,AMD
6/7/2023,124.029999,125.339996,117.07,117.830002,117.830002,81755200,AMD
6/8/2023,118.300003,122.209999,117.050003,121.050003,121.050003,65246900,AMD
6/9/2023,123.57,127.25,123.550003,124.919998,124.919998,75051600,AMD
6/12/2023,128.520004,130.479996,126.400002,129.190002,129.190002,85394700,AMD
6/13/2023,132.320007,132.830002,122.449997,124.529999,124.529999,132461900,AMD
6/14/2023,126.529999,127.730003,123.809998,127.330002,127.330002,95888100,AMD
6/15/2023,125.389999,125.699997,122.260002,124.239998,124.239998,85587100,AMD
6/16/2023,125.82,125.849998,119.900002,120.080002,120.080002,81846900,AMD
6/20/2023,119.089996,121.75,117.699997,118.93,118.93,58851800,AMD
6/21/2023,118.489998,119.190002,111.669998,112.110001,112.110001,82835600,AMD
6/22/2023,112.239998,114.0,109.849998,110.699997,110.699997,70754800,AMD
6/23/2023,109.309998,111.099998,107.459999,110.010002,110.010002,73545600,AMD
6/26/2023,110.949997,112.550003,107.199997,107.510002,107.510002,68557000,AMD
6/27/2023,108.57,110.970001,107.080002,110.389999,110.389999,59381600,AMD
6/28/2023,108.209999,111.779999,107.629997,110.169998,110.169998,67534100,AMD
6/29/2023,112.07,112.760002,109.839996,111.239998,111.239998,58347200,AMD
6/30/2023,113.029999,114.690002,112.410004,113.910004,113.910004,53331900,AMD
7/3/2023,115.160004,116.730003,114.510002,115.82,115.82,31860000,AMD
7/5/2023,116.099998,117.660004,113.860001,113.949997,113.949997,49501600,AMD
7/6/2023,112.07,113.790001,110.309998,113.480003,113.480003,42342000,AMD
7/7/2023,114.160004,115.330002,113.040001,113.169998,113.169998,37135100,AMD
7/10/2023,113.0,113.610001,109.879997,113.580002,113.580002,49330200,AMD
7/11/2023,111.660004,113.269997,109.5,111.32,111.32,59899500,AMD
7/12/2023,112.889999,115.400002,112.309998,114.580002,114.580002,57993100,AMD
7/13/2023,115.760002,116.160004,113.580002,115.919998,115.919998,49206700,AMD
7/14/2023,116.169998,122.120003,115.25,115.940002,115.940002,91847300,AMD
7/17/2023,115.949997,118.839996,112.730003,118.32,118.32,68593300,AMD
7/18/2023,117.550003,118.43,115.190002,117.93,117.93,57980100,AMD
7/19/2023,121.300003,121.669998,115.550003,116.43,116.43,70363100,AMD
7/20/2023,114.959999,115.050003,109.239998,110.25,110.25,76340400,AMD
7/21/2023,110.970001,112.300003,109.540001,110.949997,110.949997,76778100,AMD
7/24/2023,110.620003,111.309998,108.550003,110.610001,110.610001,45583600,AMD
7/25/2023,111.139999,114.050003,111.0,113.0,113.0,44916300,AMD
7/26/2023,111.910004,112.360001,109.300003,110.089996,110.089996,51721700,AMD
7/27/2023,111.790001,115.080002,110.510002,111.099998,111.099998,70678000,AMD
7/28/2023,113.379997,114.860001,112.440002,112.959999,112.959999,55526000,AMD
7/31/2023,114.160004,114.68,112.349998,114.400002,114.400002,54187300,AMD
8/1/2023,114.260002,118.190002,113.160004,117.599998,117.599998,95279300,AMD
8/2/2023,119.489998,119.5,107.379997,109.349998,109.349998,173372000,AMD
8/3/2023,108.949997,114.959999,108.949997,113.150002,113.150002,90605400,AMD
8/4/2023,114.480003,118.849998,113.959999,115.82,115.82,83083100,AMD
8/7/2023,116.360001,119.080002,115.489998,116.809998,116.809998,65854800,AMD
8/8/2023,114.940002,115.459999,111.410004,113.230003,113.230003,54141800,AMD
8/9/2023,112.889999,113.150002,108.779999,110.470001,110.470001,56257100,AMD
8/10/2023,111.300003,113.889999,109.470001,110.230003,110.230003,57297800,AMD
8/11/2023,108.849998,109.07,106.480003,107.57,107.57,55618700,AMD
8/14/2023,106.75,111.989998,105.419998,111.980003,111.980003,57421800,AMD
8/15/2023,111.989998,113.18,110.169998,111.349998,111.349998,53816600,AMD
8/16/2023,110.089996,110.440002,106.980003,107.190002,107.190002,54327300,AMD
2/17/2023,157.020004,161.110001,156.619995,160.389999,159.188919,12401900,JNJ
2/21/2023,159.649994,160.350006,157.889999,158.0,156.816818,9423900,JNJ
2/22/2023,158.5,158.850006,157.369995,157.779999,156.598465,9820200,JNJ
2/23/2023,157.710007,158.589996,156.669998,157.729996,156.548843,9385100,JNJ
2/24/2023,156.649994,156.850006,155.210007,155.970001,154.802017,8689700,JNJ
2/27/2023,156.449997,156.899994,155.080002,155.630005,154.464569,7267100,JNJ
2/28/2023,154.979996,155.270004,153.039993,153.259995,152.112305,9062300,JNJ
3/1/2023,153.009995,153.240005,151.910004,152.570007,151.42749,6767000,JNJ
3/2/2023,151.75,152.759995,151.229996,152.449997,151.30838,8762500,JNJ
3/3/2023,153.369995,154.119995,152.839996,154.020004,152.866623,5747200,JNJ
3/6/2023,154.660004,155.729996,154.570007,155.559998,154.395096,8148200,JNJ
3/7/2023,156.089996,156.25,153.350006,154.089996,152.936096,7457700,JNJ
3/8/2023,153.979996,154.199997,152.479996,152.960007,151.81456,6230500,JNJ
3/9/2023,153.460007,153.600006,150.710007,151.240005,150.107452,7439400,JNJ
3/10/2023,151.860001,153.490005,151.100006,151.610001,150.47467,8504300,JNJ
3/13/2023,152.089996,155.910004,151.570007,153.059998,151.913803,10799600,JNJ
3/14/2023,153.279999,154.029999,151.899994,153.919998,152.767365,8421200,JNJ
3/15/2023,152.839996,154.889999,152.529999,154.350006,153.194153,7757700,JNJ
3/16/2023,153.449997,154.369995,152.600006,154.029999,152.876541,7605500,JNJ
3/17/2023,154.479996,154.949997,152.300003,152.380005,151.238907,20540700,JNJ
3/20/2023,152.470001,154.070007,152.380005,153.889999,152.737595,7129000,JNJ
3/21/2023,154.0,154.130005,152.169998,153.889999,152.737595,8376800,JNJ
3/22/2023,153.850006,154.059998,151.029999,151.050003,149.918869,7943500,JNJ
3/23/2023,151.179993,151.690002,150.110001,151.130005,149.998276,9051500,JNJ
3/24/2023,151.479996,152.759995,150.830002,152.649994,151.506882,5696200,JNJ
3/27/2023,154.199997,154.539993,153.110001,153.300003,152.152023,6772300,JNJ
3/28/2023,152.389999,153.449997,151.729996,151.820007,150.683105,6115300,JNJ
3/29/2023,152.240005,153.380005,152.070007,153.309998,152.161942,6012000,JNJ
3/30/2023,153.580002,153.800003,152.809998,153.429993,152.281036,4555700,JNJ
3/31/2023,153.789993,155.190002,153.240005,155.0,153.839279,9890000,JNJ
4/3/2023,154.949997,157.009995,153.940002,156.850006,155.67543,6841900,JNJ
4/4/2023,156.970001,158.970001,156.589996,158.490005,157.303162,8314500,JNJ
4/5/2023,164.369995,165.660004,162.759995,165.610001,164.369827,16704200,JNJ
4/6/2023,165.990005,167.229996,164.800003,165.149994,163.913269,9615400,JNJ
4/10/2023,164.630005,164.839996,163.639999,164.320007,163.089493,5354000,JNJ
4/11/2023,164.419998,165.279999,164.039993,164.270004,163.039871,5903800,JNJ
4/12/2023,163.940002,164.839996,163.100006,163.919998,162.69249,5764100,JNJ
4/13/2023,164.179993,166.330002,163.809998,166.110001,164.866089,5640600,JNJ
4/14/2023,165.970001,166.119995,164.059998,165.839996,164.598099,7225100,JNJ
4/17/2023,165.740005,166.240005,164.940002,165.669998,164.429382,8046400,JNJ
4/18/2023,164.25,164.690002,159.649994,161.009995,159.804276,14571500,JNJ
4/19/2023,161.990005,162.679993,161.169998,162.529999,161.312897,6752000,JNJ
4/20/2023,162.429993,163.820007,160.960007,163.580002,162.355042,9498800,JNJ
4/21/2023,164.440002,164.970001,161.970001,162.690002,161.471695,7014200,JNJ
4/24/2023,162.690002,163.809998,161.869995,163.679993,162.454269,5278900,JNJ
4/25/2023,164.309998,165.350006,164.160004,165.179993,163.943039,6263100,JNJ
4/26/2023,164.089996,164.389999,162.240005,162.619995,161.402222,5518200,JNJ
4/27/2023,162.899994,163.410004,162.130005,163.0,161.779373,5739700,JNJ
4/28/2023,162.809998,163.759995,162.559998,163.699997,162.474136,6023400,JNJ
5/1/2023,163.600006,164.300003,162.240005,163.600006,162.374893,4893400,JNJ
5/2/2023,164.339996,165.479996,163.559998,165.029999,163.794174,7541700,JNJ
5/3/2023,165.550003,166.179993,162.509995,162.869995,161.650345,5937200,JNJ
5/4/2023,162.679993,162.899994,161.25,162.130005,160.915894,5128000,JNJ
5/5/2023,162.839996,163.130005,161.690002,162.679993,161.461761,5193700,JNJ
5/8/2023,161.990005,162.570007,161.339996,162.309998,161.094543,4994900,JNJ
5/9/2023,161.75,162.130005,160.789993,161.050003,159.843979,5520500,JNJ
5/10/2023,161.199997,161.970001,160.059998,161.649994,160.439484,6756600,JNJ
5/11/2023,161.830002,162.190002,159.389999,160.990005,159.784439,5867600,JNJ
5/12/2023,161.360001,161.559998,160.009995,160.779999,159.576004,3904200,JNJ
5/15/2023,160.800003,161.029999,158.940002,159.550003,158.355209,5104500,JNJ
5/16/2023,159.059998,160.25,158.529999,159.339996,158.146774,5599200,JNJ
5/17/2023,159.789993,160.059998,157.770004,158.990005,157.799408,6840700,JNJ
5/18/2023,158.660004,158.929993,157.559998,158.479996,157.293213,5173000,JNJ
5/19/2023,158.589996,159.929993,158.139999,158.910004,157.720001,6524000,JNJ
5/22/2023,158.0,159.139999,156.779999,156.869995,156.869995,5675900,JNJ
5/23/2023,157.100006,158.270004,156.369995,156.809998,156.809998,5793000,JNJ
5/24/2023,157.080002,157.139999,155.919998,156.660004,156.660004,5015100,JNJ
5/25/2023,156.050003,156.289993,153.720001,154.410004,154.410004,6886100,JNJ
5/26/2023,154.690002,155.279999,154.199997,154.350006,154.350006,6845400,JNJ
5/30/2023,153.970001,155.380005,153.320007,154.369995,154.369995,5593100,JNJ
5/31/2023,154.699997,155.690002,153.850006,155.059998,155.059998,11324600,JNJ
6/1/2023,154.539993,155.039993,153.149994,154.539993,154.539993,7901300,JNJ
6/2/2023,154.720001,157.309998,154.089996,156.970001,156.970001,7657200,JNJ
6/5/2023,156.75,158.639999,156.75,158.320007,158.320007,6430500,JNJ
6/6/2023,159.580002,159.610001,157.399994,158.179993,158.179993,5073600,JNJ
6/7/2023,158.100006,158.800003,157.440002,158.520004,158.520004,6504300,JNJ
6/8/2023,158.5,160.419998,157.820007,160.259995,160.259995,5818400,JNJ
6/9/2023,160.419998,160.729996,159.470001,160.009995,160.009995,6264400,JNJ
6/12/2023,160.0,160.25,158.729996,159.899994,159.899994,6510600,JNJ
6/13/2023,159.729996,160.839996,159.149994,160.740005,160.740005,6066800,JNJ
6/14/2023,161.600006,162.080002,160.979996,161.559998,161.559998,6699100,JNJ
6/15/2023,162.050003,163.910004,161.429993,163.729996,163.729996,7138300,JNJ
6/16/2023,164.479996,164.990005,163.869995,164.229996,164.229996,13425100,JNJ
6/20/2023,164.259995,165.309998,163.809998,164.130005,164.130005,7995800,JNJ
6/21/2023,163.580002,164.919998,162.690002,163.880005,163.880005,7177500,JNJ
6/22/2023,163.899994,165.720001,163.789993,165.619995,165.619995,5485900,JNJ
6/23/2023,166.110001,166.270004,165.029999,165.479996,165.479996,9450700,JNJ
6/26/2023,164.979996,164.979996,161.330002,163.630005,163.630005,6978800,JNJ
6/27/2023,163.679993,163.880005,162.440002,163.289993,163.289993,4927500,JNJ
6/28/2023,163.199997,163.199997,161.910004,162.960007,162.960007,6780400,JNJ
6/29/2023,162.639999,164.320007,162.229996,164.100006,164.100006,4547500,JNJ
6/30/2023,164.860001,165.940002,164.350006,165.520004,165.520004,7580000,JNJ
7/3/2023,164.339996,164.389999,162.960007,163.350006,163.350006,4033700,JNJ
7/5/2023,162.990005,163.919998,162.729996,162.809998,162.809998,7224600,JNJ
7/6/2023,162.25,162.369995,161.0,161.600006,161.600006,6332500,JNJ
7/7/2023,160.470001,161.039993,159.199997,159.25,159.25,7021700,JNJ
7/10/2023,159.429993,160.300003,159.0,159.509995,159.509995,5739200,JNJ
7/11/2023,159.130005,160.300003,157.600006,158.630005,158.630005,6607000,JNJ
7/12/2023,158.940002,158.940002,157.880005,158.080002,158.080002,6940400,JNJ
7/13/2023,158.0,159.130005,157.410004,158.809998,158.809998,6401700,JNJ
7/14/2023,159.179993,160.229996,158.979996,159.869995,159.869995,5361700,JNJ
7/17/2023,159.75,159.869995,158.149994,159.070007,159.070007,5486800,JNJ
7/18/2023,159.070007,160.889999,158.190002,159.059998,159.059998,6332500,JNJ
7/19/2023,157.910004,160.410004,157.330002,158.740005,158.740005,7522600,JNJ
7/20/2023,161.940002,169.139999,161.300003,168.380005,168.380005,21892900,JNJ
7/21/2023,168.179993,170.820007,168.179993,170.190002,170.190002,12076500,JNJ
7/24/2023,171.5,173.820007,170.990005,171.080002,171.080002,15155400,JNJ
7/25/2023,170.449997,172.679993,169.75,172.389999,172.389999,13790100,JNJ
7/26/2023,172.0,173.850006,171.399994,172.720001,172.720001,14288200,JNJ
7/27/2023,172.179993,174.289993,172.039993,173.690002,173.690002,12446400,JNJ
7/28/2023,174.0,175.360001,173.229996,174.479996,174.479996,14138800,JNJ
7/31/2023,169.690002,170.220001,166.710007,167.529999,167.529999,22632700,JNJ
8/1/2023,166.369995,169.089996,166.059998,168.889999,168.889999,15810300,JNJ
8/2/2023,168.850006,171.240005,168.850006,169.910004,169.910004,14595600,JNJ
8/3/2023,169.949997,171.320007,169.669998,170.639999,170.639999,17424800,JNJ
8/4/2023,170.339996,172.679993,167.889999,169.039993,169.039993,23414300,JNJ
8/7/2023,169.490005,173.339996,169.360001,173.100006,173.100006,17736400,JNJ
8/8/2023,172.990005,173.550003,171.389999,173.179993,173.179993,27378700,JNJ
8/9/2023,173.0,174.25,172.050003,173.070007,173.070007,42974400,JNJ
8/10/2023,174.0,175.970001,171.639999,172.169998,172.169998,48213800,JNJ
8/11/2023,172.479996,173.949997,171.619995,173.850006,173.850006,45904100,JNJ
8/14/2023,173.520004,175.600006,171.75,173.440002,173.440002,64036900,JNJ
8/15/2023,172.800003,174.559998,172.139999,172.940002,172.940002,88958100,JNJ
8/16/2023,172.529999,174.729996,172.130005,172.389999,172.389999,85832700,JNJ
2/21/2023,150.199997,151.300003,148.410004,148.479996,148.074951,58867200,AAPL
2/22/2023,148.869995,149.949997,147.160004,148.910004,148.503769,51011300,AAPL
2/23/2023,150.089996,150.339996,147.240005,149.399994,148.992432,48394200,AAPL
2/24/2023,147.110001,147.190002,145.720001,146.710007,146.309784,55469600,AAPL
2/27/2023,147.710007,149.169998,147.449997,147.919998,147.516479,44998500,AAPL
2/28/2023,147.050003,149.080002,146.830002,147.410004,147.007874,50547000,AAPL
3/1/2023,146.830002,147.229996,145.009995,145.309998,144.913605,55479000,AAPL
3/2/2023,144.380005,146.710007,143.899994,145.910004,145.511978,52238100,AAPL
3/3/2023,148.039993,151.110001,147.330002,151.029999,150.617996,70732300,AAPL
3/6/2023,153.789993,156.300003,153.460007,153.830002,153.41037,87558000,AAPL
3/7/2023,153.699997,154.029999,151.130005,151.600006,151.186447,56182000,AAPL
3/8/2023,152.809998,153.470001,151.830002,152.869995,152.452972,47204800,AAPL
3/9/2023,153.559998,154.539993,150.229996,150.589996,150.179184,53833600,AAPL
3/10/2023,150.210007,150.940002,147.610001,148.5,148.094894,68572400,AAPL
3/13/2023,147.809998,153.139999,147.699997,150.470001,150.059525,84457100,AAPL
3/14/2023,151.279999,153.399994,150.100006,152.589996,152.173737,73695900,AAPL
3/15/2023,151.190002,153.25,149.919998,152.990005,152.572647,77167900,AAPL
3/16/2023,152.160004,156.460007,151.639999,155.850006,155.42485,76161100,AAPL
3/17/2023,156.080002,156.740005,154.279999,155.0,154.577164,98944600,AAPL
3/20/2023,155.070007,157.820007,154.149994,157.399994,156.970612,73641400,AAPL
3/21/2023,157.320007,159.399994,156.539993,159.279999,158.84549,73938300,AAPL
3/22/2023,159.300003,162.139999,157.809998,157.830002,157.399445,75701800,AAPL
3/23/2023,158.830002,161.550003,157.679993,158.929993,158.496445,67622100,AAPL
3/24/2023,158.860001,160.339996,157.850006,160.25,159.812836,59196500,AAPL
3/27/2023,159.940002,160.770004,157.869995,158.279999,157.848206,52390300,AAPL
3/28/2023,157.970001,158.490005,155.979996,157.649994,157.219925,45992200,AAPL
3/29/2023,159.369995,161.050003,159.350006,160.770004,160.331421,51305700,AAPL
3/30/2023,161.529999,162.470001,161.270004,162.360001,161.917084,49501700,AAPL
3/31/2023,162.440002,165.0,161.910004,164.899994,164.45015,68749800,AAPL
4/3/2023,164.270004,166.289993,164.220001,166.169998,165.71669,56976200,AAPL
4/4/2023,166.600006,166.839996,165.110001,165.630005,165.178177,46278300,AAPL
4/5/2023,164.740005,165.050003,161.800003,163.759995,163.313263,51511700,AAPL
4/6/2023,162.429993,164.960007,162.0,164.660004,164.210831,45390100,AAPL
4/10/2023,161.419998,162.029999,160.080002,162.029999,161.587982,47716900,AAPL
4/11/2023,162.350006,162.360001,160.509995,160.800003,160.361343,47644200,AAPL
4/12/2023,161.220001,162.059998,159.779999,160.100006,159.663269,50133100,AAPL
4/13/2023,161.630005,165.800003,161.419998,165.559998,165.108353,68445600,AAPL
4/14/2023,164.589996,166.320007,163.820007,165.210007,164.759323,49386500,AAPL
4/17/2023,165.089996,165.389999,164.029999,165.229996,164.779251,41516200,AAPL
4/18/2023,166.100006,167.410004,165.649994,166.470001,166.015884,49923000,AAPL
4/19/2023,165.800003,168.160004,165.539993,167.630005,167.172714,47720200,AAPL
4/20/2023,166.089996,167.869995,165.559998,166.649994,166.195389,52456400,AAPL
4/21/2023,165.050003,166.449997,164.490005,165.020004,164.569839,58337300,AAPL
4/24/2023,165.0,165.600006,163.889999,165.330002,164.878983,41949600,AAPL
4/25/2023,165.190002,166.309998,163.729996,163.770004,163.323242,48714100,AAPL
4/26/2023,163.059998,165.279999,162.800003,163.759995,163.313263,45498800,AAPL
4/27/2023,165.190002,168.559998,165.190002,168.410004,167.950592,64902300,AAPL
4/28/2023,168.490005,169.850006,167.880005,169.679993,169.217117,55209200,AAPL
5/1/2023,169.279999,170.449997,168.639999,169.589996,169.127365,52472900,AAPL
5/2/2023,170.089996,170.350006,167.539993,168.539993,168.080231,48425700,AAPL
5/3/2023,169.5,170.919998,167.160004,167.449997,166.993195,65136000,AAPL
5/4/2023,164.889999,167.039993,164.309998,165.789993,165.337723,81235400,AAPL
5/5/2023,170.979996,174.300003,170.759995,173.570007,173.096512,113316400,AAPL
5/8/2023,172.479996,173.850006,172.110001,173.5,173.026688,55962800,AAPL
5/9/2023,173.050003,173.539993,171.600006,171.770004,171.301422,45326900,AAPL
5/10/2023,173.020004,174.029999,171.899994,173.559998,173.086533,53724500,AAPL
5/11/2023,173.850006,174.589996,172.169998,173.75,173.276016,49514700,AAPL
5/12/2023,173.619995,174.059998,171.0,172.570007,172.33728,45497800,AAPL
5/15/2023,173.160004,173.210007,171.470001,172.070007,171.837967,37266700,AAPL
5/16/2023,171.990005,173.139999,171.800003,172.070007,171.837967,42110300,AAPL
5/17/2023,171.710007,172.929993,170.419998,172.690002,172.457123,57951600,AAPL
5/18/2023,173.0,175.240005,172.580002,175.050003,174.813934,65496700,AAPL
5/19/2023,176.389999,176.389999,174.940002,175.160004,174.923798,55772400,AAPL
5/22/2023,173.979996,174.710007,173.449997,174.199997,173.965073,43570900,AAPL
5/23/2023,173.130005,173.380005,171.279999,171.559998,171.328644,50747300,AAPL
5/24/2023,171.089996,172.419998,170.520004,171.839996,171.608261,45143500,AAPL
5/25/2023,172.410004,173.899994,171.690002,172.990005,172.756714,56058300,AAPL
5/26/2023,173.320007,175.770004,173.110001,175.429993,175.19342,54835000,AAPL
5/30/2023,176.960007,178.990005,176.570007,177.300003,177.060898,55964400,AAPL
5/31/2023,177.330002,179.350006,176.759995,177.25,177.010971,99625300,AAPL
6/1/2023,177.699997,180.119995,176.929993,180.089996,179.847137,68901800,AAPL
6/2/2023,181.029999,181.779999,179.259995,180.949997,180.705978,61945900,AAPL
6/5/2023,182.630005,184.949997,178.039993,179.580002,179.33783,121946500,AAPL
6/6/2023,179.970001,180.119995,177.429993,179.210007,178.968338,64848400,AAPL
6/7/2023,178.440002,181.210007,177.320007,177.820007,177.5802,61944600,AAPL
6/8/2023,177.899994,180.839996,177.460007,180.570007,180.326492,50214900,AAPL
6/9/2023,181.5,182.229996,180.630005,180.960007,180.715973,48870700,AAPL
6/12/2023,181.270004,183.889999,180.970001,183.789993,183.542145,54274900,AAPL
6/13/2023,182.800003,184.149994,182.440002,183.309998,183.06279,54929100,AAPL
6/14/2023,183.369995,184.389999,182.020004,183.949997,183.701935,57462900,AAPL
6/15/2023,183.960007,186.520004,183.779999,186.009995,185.759155,65433200,AAPL
6/16/2023,186.729996,186.990005,184.270004,184.919998,184.670624,101235600,AAPL
6/20/2023,184.410004,186.100006,184.410004,185.009995,184.760498,49799100,AAPL
6/21/2023,184.899994,185.410004,182.589996,183.960007,183.711929,49515700,AAPL
6/22/2023,183.740005,187.050003,183.669998,187.0,186.747818,51245300,AAPL
6/23/2023,185.550003,187.559998,185.009995,186.679993,186.428238,53079300,AAPL
6/26/2023,186.830002,188.050003,185.229996,185.270004,185.020157,48088700,AAPL
6/27/2023,185.889999,188.389999,185.669998,188.059998,187.806381,50730800,AAPL
6/28/2023,187.929993,189.899994,187.600006,189.25,188.994781,51216800,AAPL
6/29/2023,189.080002,190.070007,188.940002,189.589996,189.33432,46347300,AAPL
6/30/2023,191.630005,194.479996,191.259995,193.970001,193.70842,85069600,AAPL
7/3/2023,193.779999,193.880005,191.759995,192.460007,192.20047,31458200,AAPL
7/5/2023,191.570007,192.979996,190.619995,191.330002,191.071976,46920300,AAPL
7/6/2023,189.839996,192.020004,189.199997,191.809998,191.551331,45094300,AAPL
7/7/2023,191.410004,192.669998,190.240005,190.679993,190.422852,46778000,AAPL
7/10/2023,189.259995,189.990005,187.039993,188.610001,188.355652,59922200,AAPL
7/11/2023,189.160004,189.300003,186.600006,188.080002,187.82637,46638100,AAPL
7/12/2023,189.679993,191.699997,188.470001,189.770004,189.514084,60750200,AAPL
7/13/2023,190.5,191.190002,189.779999,190.539993,190.283035,41342300,AAPL
7/14/2023,190.229996,191.179993,189.630005,190.690002,190.432846,41573900,AAPL
7/17/2023,191.899994,194.320007,191.809998,193.990005,193.728394,50520200,AAPL
7/18/2023,193.350006,194.330002,192.419998,193.729996,193.468735,48353800,AAPL
7/19/2023,193.100006,198.229996,192.649994,195.100006,194.836899,80507300,AAPL
7/20/2023,195.089996,196.470001,192.5,193.130005,192.869553,59581200,AAPL
7/21/2023,194.100006,194.970001,191.229996,191.940002,191.681168,71917800,AAPL
7/24/2023,193.410004,194.910004,192.25,192.75,192.490067,45377800,AAPL
7/25/2023,193.330002,194.440002,192.919998,193.619995,193.358887,37283200,AAPL
7/26/2023,193.669998,195.639999,193.320007,194.5,194.237701,47471900,AAPL
7/27/2023,196.020004,197.199997,192.550003,193.220001,192.959427,47460200,AAPL
7/28/2023,194.669998,196.630005,194.139999,195.830002,195.565918,48291400,AAPL
7/31/2023,196.059998,196.490005,195.259995,196.449997,196.185074,38824100,AAPL
8/1/2023,196.240005,196.729996,195.279999,195.610001,195.346207,35175100,AAPL
8/2/2023,195.039993,195.179993,191.850006,192.580002,192.320297,50389300,AAPL
8/3/2023,191.570007,192.369995,190.690002,191.169998,190.912201,61235200,AAPL
8/4/2023,185.520004,187.380005,181.919998,181.990005,181.744583,115799700,AAPL
8/7/2023,182.130005,183.130005,177.350006,178.850006,178.60881,97576100,AAPL
8/8/2023,179.690002,180.270004,177.580002,179.800003,179.557526,67823000,AAPL
8/9/2023,180.869995,180.929993,177.009995,178.190002,177.949707,60378500,AAPL
8/10/2023,179.479996,180.75,177.600006,177.970001,177.729996,54686900,AAPL
8/11/2023,177.320007,178.619995,176.550003,177.789993,177.789993,51988100,AAPL
8/14/2023,177.970001,179.690002,177.309998,179.460007,179.460007,43675600,AAPL
8/15/2023,178.880005,179.479996,177.050003,177.449997,177.449997,43622600,AAPL
8/16/2023,177.130005,178.539993,176.5,176.570007,176.570007,46964900,AAPL
8/17/2023,177.139999,177.509995,173.479996,174.0,174.0,66062900,AAPL
2/21/2023,50.709999,50.759998,49.619999,49.689999,48.948353,25100500,CSCO
2/22/2023,49.849998,49.849998,48.889999,49.310001,48.574024,20301900,CSCO
2/23/2023,49.540001,49.68,48.549999,49.209999,48.475517,14066200,CSCO
2/24/2023,48.810001,48.900002,48.169998,48.48,47.756416,17251600,CSCO
2/27/2023,48.950001,49.34,48.549999,48.73,48.002682,14776400,CSCO
2/28/2023,48.810001,48.93,48.380001,48.419998,47.697308,16622400,CSCO
3/1/2023,48.439999,48.59,48.02,48.34,47.618504,13449300,CSCO
3/2/2023,48.32,48.630001,48.119999,48.529999,47.805668,18281800,CSCO
3/3/2023,48.990002,49.360001,48.82,49.279999,48.544472,15969900,CSCO
3/6/2023,49.459999,49.810001,49.240002,49.419998,48.682381,13878400,CSCO
3/7/2023,49.57,49.759998,48.630001,48.91,48.179996,17506600,CSCO
3/8/2023,49.02,49.27,48.740002,49.110001,48.37701,12055500,CSCO
3/9/2023,49.299999,49.689999,48.709999,48.810001,48.08149,12497700,CSCO
3/10/2023,48.889999,49.169998,48.299999,48.560001,47.83522,16338200,CSCO
3/13/2023,48.529999,48.880001,48.119999,48.41,47.687458,20280800,CSCO
3/14/2023,48.68,49.259998,48.509998,49.049999,48.317905,17679600,CSCO
3/15/2023,48.369999,49.110001,48.369999,49.060001,48.327759,17354900,CSCO
3/16/2023,48.68,50.290001,48.509998,50.119999,49.371933,21425100,CSCO
3/17/2023,50.259998,50.549999,49.740002,50.189999,49.440891,47642700,CSCO
3/20/2023,50.220001,51.040001,50.009998,50.939999,50.179695,22699700,CSCO
3/21/2023,51.209999,51.330002,50.330002,50.669998,49.913723,23334000,CSCO
3/22/2023,50.740002,50.75,49.419998,49.459999,48.721786,21399400,CSCO
3/23/2023,49.560001,50.25,49.41,49.73,48.987759,17775400,CSCO
3/24/2023,49.900002,50.549999,49.5,50.509998,49.756111,19438800,CSCO
3/27/2023,50.700001,50.950001,50.48,50.540001,49.785671,15857200,CSCO
3/28/2023,50.32,50.599998,50.27,50.389999,49.637905,11124300,CSCO
3/29/2023,50.73,51.27,50.639999,51.169998,50.406261,18463400,CSCO
3/30/2023,51.580002,51.68,51.130001,51.43,50.662384,11754600,CSCO
3/31/2023,51.439999,52.349998,51.389999,52.279999,51.499695,20588800,CSCO
4/3/2023,52.060001,52.560001,51.990002,52.310001,51.529251,16884600,CSCO
4/4/2023,52.029999,52.119999,51.43,51.82,51.43,13599900,CSCO
4/5/2023,52.07,52.290001,51.68,51.82,51.43,13797900,CSCO
4/6/2023,50.919998,51.560001,50.73,51.27,50.88414,14749000,CSCO
4/10/2023,51.110001,51.400002,50.880001,51.330002,50.943691,10177700,CSCO
4/11/2023,51.119999,51.299999,50.52,50.619999,50.239029,15957900,CSCO
4/12/2023,50.82,50.950001,50.049999,50.110001,49.732872,16100700,CSCO
4/13/2023,50.209999,50.830002,50.09,50.799999,50.417675,15451700,CSCO
4/14/2023,50.52,50.849998,50.200001,50.540001,50.159634,12360100,CSCO
4/17/2023,50.560001,50.68,50.049999,50.279999,49.901588,12042300,CSCO
4/18/2023,50.380001,50.689999,50.07,50.310001,49.931366,15203600,CSCO
4/19/2023,49.23,49.27,47.990002,48.040001,47.678452,30466700,CSCO
4/20/2023,47.610001,47.650002,46.360001,46.580002,46.229439,39769400,CSCO
4/21/2023,46.57,47.119999,46.240002,47.029999,46.676048,20861000,CSCO
4/24/2023,47.049999,47.450001,47.0,47.389999,47.03334,17359900,CSCO
4/25/2023,47.369999,47.43,46.810001,47.09,46.7356,20281600,CSCO
4/26/2023,46.759998,46.849998,46.43,46.540001,46.189739,22390500,CSCO
4/27/2023,46.779999,46.799999,45.970001,46.560001,46.209587,22845400,CSCO
4/28/2023,46.689999,47.259998,46.610001,47.25,46.894394,19662000,CSCO
5/1/2023,47.200001,47.52,47.130001,47.34,46.983719,13122300,CSCO
5/2/2023,46.91,47.080002,46.060001,46.360001,46.011093,20175100,CSCO
5/3/2023,46.419998,46.549999,45.860001,45.959999,45.614101,20765700,CSCO
5/4/2023,45.77,45.93,45.560001,45.700001,45.35606,17748900,CSCO
5/5/2023,46.119999,46.360001,45.919998,46.25,45.90192,14315100,CSCO
5/8/2023,46.439999,46.52,46.09,46.34,45.991245,12000000,CSCO
5/9/2023,45.98,46.52,45.919998,46.470001,46.120266,15221900,CSCO
5/10/2023,46.700001,46.93,46.150002,46.709999,46.358459,15625100,CSCO
5/11/2023,46.830002,46.849998,46.200001,46.369999,46.021015,12521900,CSCO
5/12/2023,46.279999,46.810001,46.279999,46.709999,46.358459,14094800,CSCO
5/15/2023,46.799999,47.259998,46.560001,47.099998,46.745522,13204400,CSCO
5/16/2023,47.240002,47.330002,46.799999,46.919998,46.566875,16496300,CSCO
5/17/2023,47.150002,47.759998,47.009998,47.630001,47.271534,29326000,CSCO
5/18/2023,45.759998,48.25,45.700001,48.200001,47.837246,41475700,CSCO
5/19/2023,48.43,49.34,48.400002,49.130001,48.760246,28561700,CSCO
5/22/2023,49.110001,49.23,48.77,48.82,48.452579,18667500,CSCO
5/23/2023,48.610001,49.349998,48.599998,48.91,48.541901,17645900,CSCO
5/24/2023,48.950001,49.0,48.169998,48.41,48.045666,15452900,CSCO
5/25/2023,47.77,49.23,47.720001,49.029999,48.660995,21717000,CSCO
5/26/2023,49.110001,50.09,49.110001,49.860001,49.484753,19825600,CSCO
5/30/2023,49.990002,50.490002,49.740002,50.169998,49.792416,19074800,CSCO
5/31/2023,49.91,50.029999,49.610001,49.669998,49.296181,51990300,CSCO
6/1/2023,49.759998,50.09,49.259998,49.740002,49.365658,17817000,CSCO
6/2/2023,49.869999,50.25,49.73,50.02,49.643547,19153700,CSCO
6/5/2023,50.220001,50.580002,50.040001,50.209999,49.832115,13964100,CSCO
6/6/2023,49.790001,49.91,49.139999,49.810001,49.435131,16029600,CSCO
6/7/2023,49.700001,50.139999,49.650002,49.779999,49.405354,15950600,CSCO
6/8/2023,49.919998,50.0,49.57,49.68,49.306107,13289100,CSCO
6/9/2023,49.529999,49.970001,49.369999,49.66,49.286255,12173400,CSCO
6/12/2023,49.919998,50.509998,49.669998,50.48,50.100086,15495000,CSCO
6/13/2023,50.689999,50.939999,50.450001,50.799999,50.417675,24035500,CSCO
6/14/2023,50.799999,51.220001,50.630001,50.959999,50.576473,16630700,CSCO
6/15/2023,50.91,52.07,50.830002,51.93,51.539173,22496900,CSCO
6/16/2023,52.200001,52.41,51.93,52.07,51.67812,37133300,CSCO
6/20/2023,51.939999,52.080002,51.470001,51.549999,51.162033,20138000,CSCO
6/21/2023,51.380001,51.400002,50.82,50.849998,50.4673,16939600,CSCO
6/22/2023,50.650002,51.139999,50.43,51.119999,50.735268,14993800,CSCO
6/23/2023,50.639999,50.720001,50.09,50.330002,49.951218,16540300,CSCO
6/26/2023,50.310001,50.799999,50.18,50.209999,49.832115,13032100,CSCO
6/27/2023,50.310001,51.040001,50.25,50.860001,50.477226,12981000,CSCO
6/28/2023,50.779999,51.02,50.439999,50.869999,50.487148,11387600,CSCO
6/29/2023,50.860001,51.27,50.82,51.209999,50.824589,14246000,CSCO
6/30/2023,51.880001,52.259998,51.52,51.740002,51.350605,18186300,CSCO
7/3/2023,51.360001,51.830002,51.330002,51.82,51.43,7338300,CSCO
7/5/2023,50.970001,51.57,50.93,51.509998,51.509998,14950500,CSCO
7/6/2023,51.07,51.189999,50.650002,51.110001,51.110001,13931100,CSCO
7/7/2023,51.0,51.650002,50.740002,50.990002,50.990002,15579600,CSCO
7/10/2023,51.07,51.5,51.02,51.400002,51.400002,19046500,CSCO
7/11/2023,51.57,52.150002,51.540001,52.119999,52.119999,15002700,CSCO
7/12/2023,51.560001,51.93,50.529999,50.740002,50.740002,26332500,CSCO
7/13/2023,50.689999,51.619999,50.650002,51.529999,51.529999,17864800,CSCO
7/14/2023,50.419998,50.970001,50.060001,50.380001,50.380001,19564800,CSCO
7/17/2023,50.200001,50.950001,50.139999,50.810001,50.810001,16140700,CSCO
7/18/2023,50.98,51.369999,50.849998,51.240002,51.240002,16434200,CSCO
7/19/2023,52.209999,52.439999,51.700001,52.43,52.43,21745000,CSCO
7/20/2023,52.060001,52.869999,51.919998,52.369999,52.369999,22784400,CSCO
7/21/2023,52.75,53.0,52.529999,52.630001,52.630001,51284200,CSCO
7/24/2023,52.689999,53.310001,52.669998,53.110001,53.110001,18390200,CSCO
7/25/2023,53.189999,53.759998,53.110001,53.599998,53.599998,16136600,CSCO
7/26/2023,53.540001,53.650002,52.959999,53.220001,53.220001,13563700,CSCO
7/27/2023,53.599998,53.889999,52.860001,53.0,53.0,15795500,CSCO
7/28/2023,52.060001,52.419998,51.77,52.09,52.09,27491300,CSCO
7/31/2023,51.84,52.18,51.740002,52.040001,52.040001,14193500,CSCO
8/1/2023,52.57,52.779999,52.310001,52.66,52.66,15286200,CSCO
8/2/2023,52.380001,53.110001,52.32,52.580002,52.580002,17693700,CSCO
8/3/2023,52.490002,53.27,52.240002,53.150002,53.150002,15186400,CSCO
8/4/2023,52.880001,53.32,52.540001,52.630001,52.630001,12266700,CSCO
8/7/2023,52.970001,53.07,52.68,53.009998,53.009998,11327900,CSCO
8/8/2023,52.66,53.130001,52.360001,53.060001,53.060001,12224800,CSCO
8/9/2023,52.900002,53.450001,52.66,52.990002,52.990002,18765500,CSCO
8/10/2023,53.41,54.139999,53.169998,53.369999,53.369999,16329500,CSCO
8/11/2023,53.349998,53.950001,53.189999,53.790001,53.790001,14342200,CSCO
8/14/2023,53.799999,54.130001,53.720001,53.880001,53.880001,20707300,CSCO
8/15/2023,53.619999,53.73,53.18,53.349998,53.349998,20173400,CSCO
8/16/2023,53.189999,53.52,52.869999,52.959999,52.959999,26470200,CSCO
8/17/2023,54.439999,55.84,54.369999,54.73,54.73,45278000,CSCO
2/21/2023,2.3,2.47,2.15,2.21,2.21,46123700,APE
2/22/2023,2.2,2.35,2.18,2.25,2.25,23570200,APE
2/23/2023,2.28,2.33,2.11,2.22,2.22,18675900,APE
2/24/2023,2.18,2.32,2.14,2.16,2.16,14601700,APE
2/27/2023,2.21,2.26,1.96,2.05,2.05,40383800,APE
2/28/2023,2.0,2.13,1.86,2.07,2.07,39069300,APE
3/1/2023,2.0,2.13,1.86,1.87,1.87,22534400,APE
3/2/2023,1.8,1.83,1.64,1.67,1.67,26811600,APE
3/3/2023,1.7,1.88,1.7,1.82,1.82,20483300,APE
3/6/2023,1.92,1.93,1.75,1.75,1.75,18937600,APE
3/7/2023,1.74,1.8,1.72,1.76,1.76,11399000,APE
3/8/2023,1.76,1.82,1.74,1.78,1.78,11294700,APE
3/9/2023,1.81,1.849,1.76,1.78,1.78,12081100,APE
3/10/2023,1.78,1.79,1.58,1.59,1.59,20079800,APE
3/13/2023,1.55,1.8,1.51,1.73,1.73,19076500,APE
3/14/2023,1.87,2.11,1.531,1.64,1.64,109045100,APE
3/15/2023,1.66,1.69,1.33,1.42,1.42,42610100,APE
3/16/2023,1.35,1.41,1.28,1.35,1.35,21871700,APE
3/17/2023,1.4,1.43,1.3,1.3,1.3,15072400,APE
3/20/2023,1.3,1.37,1.27,1.36,1.36,13228500,APE
3/21/2023,1.37,1.49,1.36,1.48,1.48,16898500,APE
3/22/2023,1.55,1.56,1.43,1.44,1.44,17636500,APE
3/23/2023,1.45,1.5,1.43,1.45,1.45,9696100,APE
3/24/2023,1.44,1.49,1.4,1.45,1.45,9291200,APE
3/27/2023,1.45,1.45,1.35,1.41,1.41,9980800,APE
3/28/2023,1.38,1.58,1.36,1.47,1.47,49662800,APE
3/29/2023,1.47,1.52,1.43,1.45,1.45,11097400,APE
3/30/2023,1.44,1.46,1.39,1.4,1.4,9399300,APE
3/31/2023,1.39,1.5,1.37,1.47,1.47,13110800,APE
4/3/2023,1.46,1.51,1.45,1.48,1.48,29396500,APE
4/4/2023,1.76,1.78,1.58,1.68,1.68,89324900,APE
4/5/2023,1.69,1.73,1.63,1.71,1.71,25802900,APE
4/6/2023,1.51,1.58,1.46,1.49,1.49,41019500,APE
4/10/2023,1.5,1.54,1.5,1.51,1.51,14426900,APE
4/11/2023,1.54,1.545,1.49,1.52,1.52,14063200,APE
4/12/2023,1.52,1.59,1.51,1.53,1.53,11069300,APE
4/13/2023,1.54,1.6,1.54,1.57,1.57,5858000,APE
4/14/2023,1.59,1.71,1.55,1.66,1.66,24729500,APE
4/17/2023,1.62,1.655,1.57,1.63,1.63,10102900,APE
4/18/2023,1.63,1.63,1.48,1.51,1.51,14951800,APE
4/19/2023,1.49,1.57,1.48,1.53,1.53,10209300,APE
4/20/2023,1.53,1.545,1.5,1.5,1.5,5866900,APE
4/21/2023,1.5,1.61,1.5,1.55,1.55,13582000,APE
4/24/2023,1.55,1.61,1.51,1.52,1.52,17404200,APE
4/25/2023,1.52,1.54,1.41,1.42,1.42,27023300,APE
4/26/2023,1.44,1.45,1.38,1.39,1.39,8553700,APE
4/27/2023,1.36,1.48,1.355,1.47,1.47,13784500,APE
4/28/2023,1.45,1.54,1.44,1.5,1.5,6637900,APE
5/1/2023,1.49,1.57,1.48,1.57,1.57,8943200,APE
5/2/2023,1.55,1.56,1.48,1.52,1.52,7088800,APE
5/3/2023,1.52,1.57,1.5,1.52,1.52,9841300,APE
5/4/2023,1.52,1.6,1.5,1.56,1.56,12660800,APE
5/5/2023,1.58,1.605,1.54,1.56,1.56,10734500,APE
5/8/2023,1.57,1.58,1.545,1.57,1.57,4638500,APE
5/9/2023,1.55,1.63,1.55,1.62,1.62,7014600,APE
5/10/2023,1.63,1.67,1.601,1.65,1.65,7486000,APE
5/11/2023,1.64,1.65,1.55,1.56,1.56,8478100,APE
5/12/2023,1.57,1.6,1.55,1.59,1.59,7321300,APE
5/15/2023,1.58,1.65,1.57,1.65,1.65,10259900,APE
5/16/2023,1.61,1.625,1.57,1.59,1.59,5310700,APE
5/17/2023,1.58,1.62,1.58,1.61,1.61,6170400,APE
5/18/2023,1.6,1.64,1.59,1.63,1.63,6222600,APE
5/19/2023,1.6,1.62,1.58,1.61,1.61,4801900,APE
5/22/2023,1.59,1.64,1.58,1.62,1.62,6458500,APE
5/23/2023,1.61,1.665,1.59,1.6,1.6,5479000,APE
5/24/2023,1.59,1.62,1.575,1.62,1.62,6003800,APE
5/25/2023,1.61,1.61,1.56,1.56,1.56,5505400,APE
5/26/2023,1.57,1.62,1.56,1.59,1.59,4488400,APE
5/30/2023,1.59,1.61,1.56,1.6,1.6,5740200,APE
5/31/2023,1.56,1.63,1.55,1.62,1.62,13890900,APE
6/1/2023,1.6,1.65,1.56,1.58,1.58,10266800,APE
6/2/2023,1.59,1.61,1.583,1.59,1.59,3759200,APE
6/5/2023,1.58,1.62,1.56,1.58,1.58,5242200,APE
6/6/2023,1.59,1.62,1.57,1.57,1.57,10154500,APE
6/7/2023,1.59,1.62,1.58,1.6,1.6,8286300,APE
6/8/2023,1.61,1.61,1.59,1.6,1.6,8568000,APE
6/9/2023,1.58,1.61,1.58,1.58,1.58,8742300,APE
6/12/2023,1.58,1.61,1.58,1.59,1.59,7022400,APE
6/13/2023,1.59,1.62,1.59,1.61,1.61,7934000,APE
6/14/2023,1.61,1.62,1.59,1.61,1.61,8823900,APE
6/15/2023,1.6,1.7,1.6,1.69,1.69,17138500,APE
6/16/2023,1.69,1.805,1.68,1.74,1.74,19119400,APE
6/20/2023,1.73,1.75,1.7,1.74,1.74,10084100,APE
6/21/2023,1.725,1.75,1.61,1.7,1.7,19179600,APE
6/22/2023,1.87,1.945,1.79,1.82,1.82,37620400,APE
6/23/2023,1.83,1.85,1.772,1.81,1.81,13224700,APE
6/26/2023,1.8,1.835,1.76,1.8,1.8,9899000,APE
6/27/2023,1.81,1.82,1.77,1.78,1.78,8719100,APE
6/28/2023,1.78,1.79,1.7,1.72,1.72,21557000,APE
6/29/2023,1.75,1.81,1.695,1.75,1.75,13856700,APE
6/30/2023,1.77,1.81,1.72,1.74,1.74,13050500,APE
7/3/2023,1.73,1.78,1.72,1.76,1.76,4332300,APE
7/5/2023,1.76,1.805,1.7,1.73,1.73,12224500,APE
7/6/2023,1.72,1.78,1.71,1.78,1.78,5059500,APE
7/7/2023,1.76,1.86,1.76,1.85,1.85,13359700,APE
7/10/2023,1.87,1.9,1.83,1.9,1.9,16286700,APE
7/11/2023,1.9,1.92,1.82,1.91,1.91,11834500,APE
7/12/2023,1.94,1.98,1.91,1.97,1.97,111563200,APE
7/13/2023,2.0,2.01,1.94,1.97,1.97,8371100,APE
7/14/2023,1.96,1.97,1.86,1.91,1.91,9291500,APE
7/17/2023,1.88,1.9,1.85,1.87,1.87,4077200,APE
7/18/2023,1.86,1.905,1.83,1.84,1.84,5531300,APE
7/19/2023,1.84,1.9,1.83,1.89,1.89,4374900,APE
7/20/2023,1.88,1.89,1.83,1.84,1.84,5109300,APE
7/21/2023,1.84,1.85,1.75,1.8,1.8,50657600,APE
7/24/2023,1.72,1.8,1.63,1.8,1.8,59889500,APE
7/25/2023,1.89,1.89,1.74,1.77,1.77,28838400,APE
7/26/2023,1.8,1.83,1.74,1.76,1.76,18228600,APE
7/27/2023,1.76,1.87,1.74,1.86,1.86,20682500,APE
7/28/2023,1.84,1.87,1.78,1.8,1.8,14021000,APE
7/31/2023,1.8,1.87,1.79,1.85,1.85,8253800,APE
8/1/2023,1.8,1.83,1.79,1.8,1.8,6863800,APE
8/2/2023,1.78,1.84,1.75,1.81,1.81,8909500,APE
8/3/2023,1.8,1.82,1.78,1.78,1.78,9860500,APE
8/4/2023,1.78,1.84,1.78,1.79,1.79,8036100,APE
8/7/2023,1.78,1.8,1.71,1.77,1.77,15659600,APE
8/8/2023,1.8,1.84,1.73,1.73,1.73,11049000,APE
8/9/2023,1.73,1.79,1.73,1.73,1.73,4202800,APE
8/10/2023,1.74,1.765,1.73,1.75,1.75,3632800,APE
8/11/2023,1.75,1.85,1.735,1.78,1.78,41152200,APE
8/14/2023,2.04,2.155,1.85,2.07,2.07,125431500,APE
8/15/2023,2.09,2.22,2.02,2.11,2.11,43097200,APE
8/16/2023,2.155,2.2,2.09,2.12,2.12,35106900,APE
8/17/2023,2.12,2.23,2.11,2.19,2.19,36445800,APE
2/21/2023,6.46,6.57,6.33,6.42,6.42,26332900,SOFI
2/22/2023,6.4,6.58,6.37,6.54,6.54,22778900,SOFI
2/23/2023,6.65,6.69,6.39,6.55,6.55,19210200,SOFI
2/24/2023,6.38,6.45,6.31,6.38,6.38,16954200,SOFI
2/27/2023,6.45,6.5,6.342,6.42,6.42,19082100,SOFI
2/28/2023,6.46,6.7,6.45,6.6,6.6,17430600,SOFI
3/1/2023,6.58,6.62,6.43,6.44,6.44,19827300,SOFI
3/2/2023,6.3,6.51,6.23,6.45,6.45,18003500,SOFI
3/3/2023,6.48,6.79,6.46,6.72,6.72,25456400,SOFI
3/6/2023,6.8,6.97,6.67,6.68,6.68,26214300,SOFI
3/7/2023,6.71,6.71,6.42,6.51,6.51,28344300,SOFI
3/8/2023,6.48,6.6,6.382,6.47,6.47,16558600,SOFI
3/9/2023,6.42,6.555,6.065,6.09,6.09,27793300,SOFI
3/10/2023,5.9,5.92,5.21,5.58,5.58,86809700,SOFI
3/13/2023,5.46,5.57,5.1,5.49,5.49,59761300,SOFI
3/14/2023,5.69,5.74,5.43,5.55,5.55,36750400,SOFI
3/15/2023,5.335,5.46,5.275,5.41,5.41,34260500,SOFI
3/16/2023,5.35,5.54,5.28,5.45,5.45,25128700,SOFI
3/17/2023,5.47,5.54,5.33,5.46,5.46,27173200,SOFI
3/20/2023,5.47,5.54,5.19,5.22,5.22,33271400,SOFI
3/21/2023,5.35,5.6,5.32,5.57,5.57,29210300,SOFI
3/22/2023,5.79,6.03,5.54,5.56,5.56,62273300,SOFI
3/23/2023,5.65,5.88,5.57,5.78,5.78,35687800,SOFI
3/24/2023,5.675,5.83,5.64,5.74,5.74,18657400,SOFI
3/27/2023,5.82,5.88,5.73,5.76,5.76,24284700,SOFI
3/28/2023,5.74,5.79,5.51,5.59,5.59,23185400,SOFI
3/29/2023,5.69,5.92,5.65,5.75,5.75,28461800,SOFI
3/30/2023,5.87,5.93,5.62,5.72,5.72,25094700,SOFI
3/31/2023,5.75,6.17,5.67,6.07,6.07,41786800,SOFI
4/3/2023,6.14,6.275,5.94,6.03,6.03,32121400,SOFI
4/4/2023,6.1,6.1,5.835,5.89,5.89,19465200,SOFI
4/5/2023,5.87,5.87,5.58,5.74,5.74,30541900,SOFI
4/6/2023,5.7,5.81,5.61,5.75,5.75,25308100,SOFI
4/10/2023,5.69,5.92,5.66,5.91,5.91,21151200,SOFI
4/11/2023,5.91,6.02,5.86,5.97,5.97,26455400,SOFI
4/12/2023,6.06,6.06,5.67,5.82,5.82,35905000,SOFI
4/13/2023,5.91,5.98,5.824,5.86,5.86,20527100,SOFI
4/14/2023,5.99,6.03,5.77,5.92,5.92,24086000,SOFI
4/17/2023,5.89,6.0,5.81,5.96,5.96,24908100,SOFI
4/18/2023,6.0,6.02,5.895,5.98,5.98,17036300,SOFI
4/19/2023,5.9,6.1,5.87,6.08,6.08,18337500,SOFI
4/20/2023,5.98,6.045,5.88,5.92,5.92,18844900,SOFI
4/21/2023,5.9,5.99,5.85,5.94,5.94,16723200,SOFI
4/24/2023,5.92,5.95,5.79,5.83,5.83,20058000,SOFI
4/25/2023,5.775,5.84,5.72,5.75,5.75,21036200,SOFI
4/26/2023,5.81,5.88,5.66,5.67,5.67,24210900,SOFI
4/27/2023,5.77,6.19,5.75,6.06,6.06,43199900,SOFI
4/28/2023,6.15,6.3,5.94,6.23,6.23,55605100,SOFI
5/1/2023,6.52,6.54,5.46,5.47,5.47,125423700,SOFI
5/2/2023,5.26,5.3,4.72,4.905,4.905,115499500,SOFI
5/3/2023,4.97,5.079,4.75,4.85,4.85,64212800,SOFI
5/4/2023,4.78,4.915,4.59,4.895,4.895,59715600,SOFI
5/5/2023,5.01,5.17,4.99,5.16,5.16,40830500,SOFI
5/8/2023,5.18,5.49,5.18,5.47,5.47,39933900,SOFI
5/9/2023,5.35,5.55,5.34,5.41,5.41,26785200,SOFI
5/10/2023,5.58,5.6,5.38,5.48,5.48,28624400,SOFI
5/11/2023,5.44,5.44,5.12,5.14,5.14,36075600,SOFI
5/12/2023,5.17,5.22,4.925,5.02,5.02,44397600,SOFI
5/15/2023,4.68,4.84,4.45,4.77,4.77,103290700,SOFI
5/16/2023,4.79,4.82,4.61,4.76,4.76,38510800,SOFI
5/17/2023,4.76,4.98,4.69,4.96,4.96,42730500,SOFI
5/18/2023,4.98,5.135,4.92,5.07,5.07,35183400,SOFI
5/19/2023,5.07,5.13,4.91,4.93,4.93,25737600,SOFI
5/22/2023,4.99,5.34,4.92,5.26,5.26,42509300,SOFI
5/23/2023,5.24,5.49,5.22,5.29,5.29,43878300,SOFI
5/24/2023,5.2,5.33,5.13,5.31,5.31,23887800,SOFI
5/25/2023,5.39,5.4,5.09,5.21,5.21,24474900,SOFI
5/26/2023,5.24,5.48,5.22,5.41,5.41,26982900,SOFI
5/30/2023,5.81,6.05,5.59,6.03,6.03,68003300,SOFI
5/31/2023,6.2,7.02,6.1,6.94,6.94,152429200,SOFI
6/1/2023,6.71,7.26,6.63,6.82,6.82,108760600,SOFI
6/2/2023,7.11,7.11,6.71,7.03,7.03,63316100,SOFI
6/5/2023,7.12,7.6,7.075,7.25,7.25,69556200,SOFI
6/6/2023,7.18,7.755,7.14,7.65,7.65,56839700,SOFI
6/7/2023,7.86,8.0,7.64,7.74,7.74,60872200,SOFI
6/8/2023,7.69,8.2,7.66,8.12,8.12,66988400,SOFI
6/9/2023,8.25,8.81,8.11,8.18,8.18,84720300,SOFI
6/12/2023,8.46,9.3,8.4,9.16,9.16,117905100,SOFI
6/13/2023,9.54,9.61,8.89,9.54,9.54,108293500,SOFI
6/14/2023,9.79,10.23,9.29,9.74,9.74,128420300,SOFI
6/15/2023,9.18,9.58,8.88,9.55,9.55,97639300,SOFI
6/16/2023,8.91,9.18,8.5,8.6,8.6,107236500,SOFI
6/20/2023,8.31,8.64,8.2,8.59,8.59,49114900,SOFI
6/21/2023,8.51,8.77,8.34,8.63,8.63,37733600,SOFI
6/22/2023,8.54,8.69,8.35,8.49,8.49,30149500,SOFI
6/23/2023,7.91,8.29,7.71,8.28,8.28,62118500,SOFI
6/26/2023,8.24,8.66,8.14,8.2,8.2,33526600,SOFI
6/27/2023,8.33,8.72,8.32,8.64,8.64,39402300,SOFI
6/28/2023,8.59,9.09,8.58,8.87,8.87,36374400,SOFI
6/29/2023,9.07,9.28,8.6,8.71,8.71,42722400,SOFI
6/30/2023,8.92,9.41,8.32,8.34,8.34,98034000,SOFI
7/3/2023,8.36,8.64,8.35,8.52,8.52,26842000,SOFI
7/5/2023,8.49,8.68,8.31,8.38,8.38,26954600,SOFI
7/6/2023,8.23,8.26,7.855,8.1,8.1,38013800,SOFI
7/7/2023,8.09,8.3,8.03,8.05,8.05,22681400,SOFI
7/10/2023,8.1,8.72,8.04,8.71,8.71,38750100,SOFI
7/11/2023,8.81,9.2,8.75,9.07,9.07,52586400,SOFI
7/12/2023,9.34,9.39,9.0,9.2,9.2,41158600,SOFI
7/13/2023,8.92,9.24,8.77,9.16,9.16,43361100,SOFI
7/14/2023,9.22,9.45,8.94,9.08,9.08,38350800,SOFI
7/17/2023,9.04,9.805,8.99,9.48,9.48,48308500,SOFI
7/18/2023,9.55,9.74,9.433,9.57,9.57,33895900,SOFI
7/19/2023,9.76,10.13,9.645,9.85,9.85,50051500,SOFI
7/20/2023,9.63,9.99,9.37,9.57,9.57,41587700,SOFI
7/21/2023,9.675,9.7,9.26,9.43,9.43,34444800,SOFI
7/24/2023,9.44,9.56,9.295,9.45,9.45,26643500,SOFI
7/25/2023,9.4,9.78,9.31,9.33,9.33,38811100,SOFI
7/26/2023,9.26,9.54,9.21,9.52,9.52,34922300,SOFI
7/27/2023,9.71,9.73,8.94,9.09,9.09,45958200,SOFI
7/28/2023,9.36,9.6,9.16,9.55,9.55,58205300,SOFI
7/31/2023,10.39,11.7,10.3,11.45,11.45,210958900,SOFI
8/1/2023,11.06,11.1,10.31,10.35,10.35,88881800,SOFI
8/2/2023,10.12,10.28,9.72,10.08,10.08,62865900,SOFI
8/3/2023,9.92,10.17,9.86,10.05,10.05,37651500,SOFI
8/4/2023,10.08,10.1,9.47,9.5,9.5,42370200,SOFI
8/7/2023,9.5,9.57,9.16,9.39,9.39,31682000,SOFI
8/8/2023,9.03,9.45,9.01,9.31,9.31,28127800,SOFI
8/9/2023,9.27,9.27,8.8,8.99,8.99,43368300,SOFI
8/10/2023,9.09,9.24,8.72,8.72,8.72,37657800,SOFI
8/11/2023,8.53,8.7,8.42,8.65,8.65,26833600,SOFI
8/14/2023,8.52,8.71,8.36,8.68,8.68,27735500,SOFI
8/15/2023,8.6,8.6,8.34,8.37,8.37,23709300,SOFI
8/16/2023,8.23,8.43,8.21,8.26,8.26,23398900,SOFI
8/17/2023,8.35,8.41,8.08,8.11,8.11,29582400,SOFI
2/21/2023,0.48,0.49,0.46,0.47,0.47,1391600,FNMA
2/22/2023,0.47,0.47,0.45,0.46,0.46,1682800,FNMA
2/23/2023,0.47,0.47,0.46,0.46,0.46,767600,FNMA
2/24/2023,0.46,0.5,0.46,0.46,0.46,597400,FNMA
2/27/2023,0.46,0.48,0.45,0.46,0.46,562100,FNMA
2/28/2023,0.48,0.48,0.45,0.46,0.46,1207300,FNMA
3/1/2023,0.46,0.47,0.45,0.46,0.46,1415900,FNMA
3/2/2023,0.46,0.47,0.45,0.45,0.45,689800,FNMA
3/3/2023,0.45,0.46,0.45,0.45,0.45,948200,FNMA
3/6/2023,0.45,0.46,0.45,0.45,0.45,805000,FNMA
3/7/2023,0.45,0.46,0.45,0.45,0.45,390800,FNMA
3/8/2023,0.45,0.46,0.44,0.44,0.44,870100,FNMA
3/9/2023,0.44,0.45,0.44,0.44,0.44,656100,FNMA
3/10/2023,0.44,0.44,0.42,0.42,0.42,1988800,FNMA
3/13/2023,0.42,0.46,0.41,0.45,0.45,2366300,FNMA
3/14/2023,0.45,0.45,0.42,0.43,0.43,2114300,FNMA
3/15/2023,0.41,0.42,0.4,0.41,0.41,3749200,FNMA
3/16/2023,0.42,0.42,0.39,0.41,0.41,5127800,FNMA
3/17/2023,0.41,0.41,0.39,0.4,0.4,1890000,FNMA
3/20/2023,0.4,0.41,0.4,0.4,0.4,1570100,FNMA
3/21/2023,0.4,0.41,0.39,0.4,0.4,1528200,FNMA
3/22/2023,0.4,0.4,0.39,0.4,0.4,936300,FNMA
3/23/2023,0.4,0.41,0.39,0.4,0.4,913000,FNMA
3/24/2023,0.41,0.41,0.39,0.4,0.4,815500,FNMA
3/27/2023,0.41,0.41,0.39,0.4,0.4,656900,FNMA
3/28/2023,0.4,0.4,0.39,0.4,0.4,600400,FNMA
3/29/2023,0.4,0.41,0.4,0.4,0.4,911100,FNMA
3/30/2023,0.4,0.41,0.4,0.41,0.41,992300,FNMA
3/31/2023,0.41,0.42,0.41,0.41,0.41,1633600,FNMA
4/3/2023,0.41,0.42,0.41,0.41,0.41,1035500,FNMA
4/4/2023,0.42,0.42,0.4,0.41,0.41,993200,FNMA
4/5/2023,0.4,0.41,0.4,0.4,0.4,793600,FNMA
4/6/2023,0.4,0.41,0.4,0.4,0.4,783800,FNMA
4/10/2023,0.4,0.41,0.4,0.4,0.4,631700,FNMA
4/11/2023,0.41,0.42,0.4,0.41,0.41,801700,FNMA
4/12/2023,0.41,0.42,0.41,0.42,0.42,902500,FNMA
4/13/2023,0.41,0.42,0.41,0.42,0.42,745900,FNMA
4/14/2023,0.42,0.45,0.42,0.44,0.44,1394600,FNMA
4/17/2023,0.43,0.5,0.43,0.48,0.48,4577400,FNMA
4/18/2023,0.48,0.49,0.45,0.46,0.46,1696300,FNMA
4/19/2023,0.46,0.46,0.43,0.44,0.44,1358200,FNMA
4/20/2023,0.45,0.46,0.43,0.45,0.45,817900,FNMA
4/21/2023,0.45,0.46,0.44,0.45,0.45,832100,FNMA
4/24/2023,0.44,0.45,0.44,0.44,0.44,658300,FNMA
4/25/2023,0.43,0.44,0.42,0.43,0.43,1088500,FNMA
4/26/2023,0.43,0.44,0.42,0.43,0.43,1077900,FNMA
4/27/2023,0.43,0.44,0.43,0.44,0.44,256400,FNMA
4/28/2023,0.43,0.44,0.42,0.43,0.43,415400,FNMA
5/1/2023,0.43,0.44,0.42,0.43,0.43,524100,FNMA
5/2/2023,0.42,0.44,0.42,0.44,0.44,836000,FNMA
5/3/2023,0.44,0.47,0.43,0.44,0.44,1311000,FNMA
5/4/2023,0.44,0.44,0.42,0.43,0.43,1273600,FNMA
5/5/2023,0.42,0.45,0.42,0.44,0.44,675300,FNMA
5/8/2023,0.44,0.49,0.44,0.49,0.49,2585400,FNMA
5/9/2023,0.49,0.49,0.47,0.48,0.48,1820600,FNMA
5/10/2023,0.47,0.48,0.46,0.48,0.48,708400,FNMA
5/11/2023,0.48,0.5,0.45,0.47,0.47,1467900,FNMA
5/12/2023,0.46,0.48,0.46,0.48,0.48,907100,FNMA
5/15/2023,0.46,0.48,0.46,0.47,0.47,541300,FNMA
5/16/2023,0.45,0.48,0.45,0.46,0.46,894900,FNMA
5/17/2023,0.46,0.48,0.46,0.47,0.47,960200,FNMA
5/18/2023,0.47,0.48,0.46,0.46,0.46,632700,FNMA
5/19/2023,0.46,0.46,0.45,0.46,0.46,443300,FNMA
5/22/2023,0.45,0.46,0.45,0.45,0.45,1311700,FNMA
5/23/2023,0.46,0.47,0.45,0.45,0.45,1505100,FNMA
5/24/2023,0.46,0.46,0.45,0.45,0.45,336500,FNMA
5/25/2023,0.45,0.46,0.45,0.45,0.45,1023700,FNMA
5/26/2023,0.45,0.46,0.45,0.46,0.46,760200,FNMA
5/30/2023,0.46,0.46,0.45,0.45,0.45,1534500,FNMA
5/31/2023,0.45,0.46,0.43,0.44,0.44,2009400,FNMA
6/1/2023,0.44,0.44,0.43,0.44,0.44,772700,FNMA
6/2/2023,0.44,0.45,0.43,0.44,0.44,1160300,FNMA
6/5/2023,0.43,0.45,0.43,0.44,0.44,491900,FNMA
6/6/2023,0.44,0.45,0.44,0.45,0.45,1084300,FNMA
6/7/2023,0.44,0.46,0.44,0.45,0.45,1128000,FNMA
6/8/2023,0.44,0.45,0.44,0.45,0.45,544200,FNMA
6/9/2023,0.44,0.47,0.44,0.45,0.45,2708200,FNMA
6/12/2023,0.45,0.45,0.44,0.44,0.44,938900,FNMA
6/13/2023,0.44,0.45,0.44,0.44,0.44,2122900,FNMA
6/14/2023,0.44,0.44,0.43,0.44,0.44,1526700,FNMA
6/15/2023,0.44,0.46,0.43,0.44,0.44,3765400,FNMA
6/16/2023,0.44,0.46,0.44,0.44,0.44,1080200,FNMA
6/20/2023,0.44,0.45,0.43,0.43,0.43,959200,FNMA
6/21/2023,0.43,0.44,0.43,0.44,0.44,1036400,FNMA
6/22/2023,0.44,0.44,0.43,0.44,0.44,394200,FNMA
6/23/2023,0.43,0.44,0.43,0.43,0.43,688000,FNMA
6/26/2023,0.44,0.44,0.43,0.44,0.44,1324300,FNMA
6/27/2023,0.44,0.45,0.43,0.44,0.44,1563900,FNMA
6/28/2023,0.45,0.45,0.43,0.43,0.43,1201900,FNMA
6/29/2023,0.44,0.44,0.43,0.43,0.43,1808900,FNMA
6/30/2023,0.43,0.44,0.43,0.44,0.44,825000,FNMA
7/3/2023,0.44,0.44,0.43,0.44,0.44,406300,FNMA
7/5/2023,0.44,0.44,0.43,0.44,0.44,862800,FNMA
7/6/2023,0.44,0.45,0.44,0.44,0.44,1293100,FNMA
7/7/2023,0.44,0.44,0.43,0.44,0.44,1608300,FNMA
7/10/2023,0.44,0.44,0.43,0.44,0.44,1467500,FNMA
7/11/2023,0.44,0.45,0.43,0.44,0.44,2798700,FNMA
7/12/2023,0.45,0.45,0.44,0.44,0.44,1953500,FNMA
7/13/2023,0.45,0.45,0.44,0.44,0.44,683000,FNMA
7/14/2023,0.44,0.45,0.44,0.44,0.44,1407500,FNMA
7/17/2023,0.44,0.44,0.44,0.44,0.44,983300,FNMA
7/18/2023,0.44,0.44,0.44,0.44,0.44,733100,FNMA
7/19/2023,0.44,0.46,0.44,0.45,0.45,1847700,FNMA
7/20/2023,0.44,0.45,0.44,0.44,0.44,1601900,FNMA
7/21/2023,0.44,0.47,0.44,0.46,0.46,2542200,FNMA
7/24/2023,0.46,0.47,0.45,0.46,0.46,1310300,FNMA
7/25/2023,0.46,0.46,0.44,0.45,0.45,2800000,FNMA
7/26/2023,0.44,0.45,0.44,0.44,0.44,785200,FNMA
7/27/2023,0.45,0.45,0.44,0.44,0.44,987300,FNMA
7/28/2023,0.45,0.45,0.44,0.44,0.44,1056200,FNMA
7/31/2023,0.44,0.45,0.44,0.44,0.44,1120500,FNMA
8/1/2023,0.44,0.53,0.44,0.47,0.47,6872400,FNMA
8/2/2023,0.48,0.49,0.45,0.45,0.45,1557500,FNMA
8/3/2023,0.45,0.46,0.45,0.45,0.45,1356100,FNMA
8/4/2023,0.45,0.46,0.45,0.45,0.45,2135700,FNMA
8/7/2023,0.45,0.46,0.45,0.45,0.45,2110300,FNMA
8/8/2023,0.45,0.46,0.45,0.45,0.45,672600,FNMA
8/9/2023,0.45,0.45,0.45,0.45,0.45,1101800,FNMA
8/10/2023,0.45,0.46,0.45,0.45,0.45,689300,FNMA
8/11/2023,0.45,0.46,0.45,0.45,0.45,757900,FNMA
8/14/2023,0.45,0.53,0.45,0.49,0.49,4645800,FNMA
8/15/2023,0.52,0.52,0.49,0.5,0.5,6183700,FNMA
8/16/2023,0.5,0.62,0.5,0.61,0.61,12830200,FNMA
8/17/2023,0.62,0.9,0.62,0.9,0.9,28397200,FNMA
2/21/2023,46.0,46.400002,45.400002,45.43,44.839325,580300,AVT
2/22/2023,45.080002,45.880001,45.080002,45.439999,44.849194,510400,AVT
2/23/2023,45.91,46.23,45.18,45.759998,45.165031,510300,AVT
2/24/2023,45.389999,45.700001,45.0,45.610001,45.016983,432500,AVT
2/27/2023,45.82,46.220001,45.200001,45.34,44.750496,713300,AVT
2/28/2023,44.889999,45.209999,44.669998,44.709999,44.412754,877000,AVT
3/1/2023,44.66,45.509998,44.66,45.220001,44.919365,536800,AVT
3/2/2023,44.900002,45.560001,44.73,45.459999,45.157768,326500,AVT
3/3/2023,45.75,45.799999,45.450001,45.57,45.267036,332500,AVT
3/6/2023,45.650002,45.82,44.830002,44.98,44.680958,858200,AVT
3/7/2023,44.830002,45.110001,44.220001,44.389999,44.094883,530100,AVT
3/8/2023,44.43,44.91,44.389999,44.889999,44.591557,606400,AVT
3/9/2023,45.0,45.34,43.830002,43.84,43.548538,673400,AVT
3/10/2023,43.66,44.279999,42.450001,42.950001,42.664455,575100,AVT
3/13/2023,42.369999,42.810001,42.049999,42.32,42.038643,718700,AVT
3/14/2023,43.049999,43.669998,42.599998,43.119999,42.833324,515800,AVT
3/15/2023,42.119999,42.549999,41.27,41.939999,41.661167,897900,AVT
3/16/2023,41.540001,43.290001,41.259998,43.279999,42.99226,637000,AVT
3/17/2023,43.459999,43.459999,42.549999,43.080002,42.793594,1559800,AVT
3/20/2023,43.439999,43.84,43.139999,43.52,43.230667,525200,AVT
3/21/2023,44.049999,44.27,43.18,43.290001,43.002197,624900,AVT
3/22/2023,43.060001,43.700001,42.619999,42.630001,42.346584,575800,AVT
3/23/2023,42.93,43.73,42.810001,42.990002,42.704189,626600,AVT
3/24/2023,42.650002,43.48,42.299999,43.34,43.051865,594600,AVT
3/27/2023,43.610001,43.810001,43.130001,43.259998,42.972393,467700,AVT
3/28/2023,43.029999,43.380001,42.919998,43.220001,42.932663,302100,AVT
3/29/2023,43.619999,44.189999,43.540001,44.099998,43.806808,491000,AVT
3/30/2023,44.400002,44.790001,44.25,44.450001,44.154484,500900,AVT
3/31/2023,44.43,45.290001,44.43,45.200001,44.899498,437400,AVT
4/3/2023,45.119999,45.43,44.709999,45.110001,44.810097,322000,AVT
4/4/2023,45.240002,45.240002,43.75,44.0,43.707474,531800,AVT
4/5/2023,43.709999,43.869999,43.310001,43.790001,43.498871,399300,AVT
4/6/2023,43.639999,43.639999,43.139999,43.259998,42.972393,408700,AVT
4/10/2023,43.25,43.889999,43.18,43.830002,43.538609,372800,AVT
4/11/2023,43.990002,44.41,43.990002,44.139999,43.846542,410200,AVT
4/12/2023,44.599998,44.66,43.799999,43.860001,43.568405,228300,AVT
4/13/2023,43.860001,44.290001,43.369999,44.139999,43.846542,367800,AVT
4/14/2023,44.0,44.529999,43.68,43.990002,43.697544,264600,AVT
4/17/2023,43.869999,44.139999,43.57,43.889999,43.598206,292500,AVT
4/18/2023,43.939999,44.02,42.849998,42.98,42.694256,673900,AVT
4/19/2023,42.540001,42.630001,41.490002,41.700001,41.422768,575400,AVT
4/20/2023,41.330002,41.759998,41.220001,41.470001,41.194298,418300,AVT
4/21/2023,41.470001,41.630001,41.0,41.580002,41.303566,498100,AVT
4/24/2023,41.380001,41.599998,40.77,41.029999,40.757217,722200,AVT
4/25/2023,40.689999,40.84,40.200001,40.419998,40.151276,544400,AVT
4/26/2023,40.32,40.810001,40.220001,40.419998,40.151276,615500,AVT
4/27/2023,40.490002,40.650002,39.639999,40.639999,40.369812,483100,AVT
4/28/2023,40.77,41.259998,40.450001,41.259998,40.985691,539200,AVT
5/1/2023,41.209999,41.709999,41.099998,41.130001,40.856556,550300,AVT
5/2/2023,40.889999,41.18,40.0,40.779999,40.508881,513300,AVT
5/3/2023,40.939999,41.470001,40.66,40.740002,40.469151,775900,AVT
5/4/2023,41.150002,43.540001,40.799999,42.41,42.128044,1020700,AVT
5/5/2023,42.990002,43.060001,42.029999,42.759998,42.475716,823600,AVT
5/8/2023,42.849998,42.849998,41.299999,41.34,41.065159,512900,AVT
5/9/2023,41.110001,41.59,40.740002,41.509998,41.234028,483800,AVT
5/10/2023,41.84,42.119999,41.349998,41.98,41.700905,693400,AVT
5/11/2023,41.799999,42.029999,41.330002,41.630001,41.353233,463300,AVT
5/12/2023,41.759998,41.790001,40.439999,41.310001,41.035358,654100,AVT
5/15/2023,41.580002,41.740002,40.98,41.32,41.045292,418900,AVT
5/16/2023,41.130001,41.970001,41.080002,41.119999,40.846622,363000,AVT
5/17/2023,41.299999,42.27,41.189999,41.860001,41.581703,471800,AVT
5/18/2023,41.84,42.700001,41.52,42.630001,42.346584,402100,AVT
5/19/2023,42.900002,42.950001,42.25,42.43,42.147911,311700,AVT
5/22/2023,42.540001,42.970001,42.209999,42.549999,42.267113,370300,AVT
5/23/2023,42.389999,43.07,42.34,42.709999,42.426048,456300,AVT
5/24/2023,42.540001,42.540001,41.919998,42.209999,41.929375,500400,AVT
5/25/2023,42.419998,44.32,42.419998,44.0,43.707474,642200,AVT
5/26/2023,44.23,45.400002,44.23,45.310001,45.008766,659300,AVT
5/30/2023,45.52,46.029999,44.529999,44.98,44.680958,569800,AVT
5/31/2023,44.459999,44.580002,43.490002,43.84,43.548538,1190300,AVT
6/1/2023,43.91,44.130001,43.200001,43.369999,43.081661,604700,AVT
6/2/2023,43.720001,44.669998,43.720001,44.580002,44.283619,471100,AVT
6/5/2023,44.130001,44.549999,42.98,43.619999,43.330002,439700,AVT
6/6/2023,43.299999,44.669998,43.25,44.599998,44.599998,404200,AVT
6/7/2023,44.990002,46.450001,44.779999,46.34,46.34,552300,AVT
6/8/2023,46.349998,46.779999,45.860001,46.759998,46.759998,532700,AVT
6/9/2023,46.799999,47.18,46.419998,46.560001,46.560001,462900,AVT
6/12/2023,46.369999,47.439999,46.369999,47.369999,47.369999,563800,AVT
6/13/2023,47.5,48.459999,47.450001,48.330002,48.330002,480800,AVT
6/14/2023,48.169998,48.959999,47.830002,48.5,48.5,572700,AVT
6/15/2023,48.380001,49.16,48.349998,48.48,48.48,643100,AVT
6/16/2023,48.599998,48.599998,47.779999,48.009998,48.009998,942500,AVT
6/20/2023,48.0,48.040001,47.299999,47.77,47.77,464200,AVT
6/21/2023,47.59,47.970001,47.41,47.599998,47.599998,303400,AVT
6/22/2023,47.52,47.700001,47.009998,47.639999,47.639999,412900,AVT
6/23/2023,47.299999,47.490002,46.939999,47.23,47.23,650600,AVT
6/26/2023,47.400002,47.939999,47.110001,47.130001,47.130001,296100,AVT
6/27/2023,46.900002,47.52,45.580002,47.48,47.48,698800,AVT
6/28/2023,47.259998,47.91,47.110001,47.869999,47.869999,1295200,AVT
6/29/2023,48.02,49.68,47.880001,49.66,49.66,534300,AVT
6/30/2023,49.98,51.0,49.59,50.450001,50.450001,810500,AVT
7/3/2023,50.34,50.700001,49.639999,50.09,50.09,339700,AVT
7/5/2023,49.860001,50.009998,49.139999,49.740002,49.740002,323700,AVT
7/6/2023,49.349998,49.700001,48.709999,49.290001,49.290001,497900,AVT
7/7/2023,49.52,50.060001,49.349998,49.610001,49.610001,973100,AVT
7/10/2023,49.490002,49.560001,49.240002,49.380001,49.380001,545300,AVT
7/11/2023,49.759998,50.09,49.529999,50.040001,50.040001,419100,AVT
7/12/2023,50.599998,50.720001,49.880001,50.009998,50.009998,501600,AVT
7/13/2023,50.169998,50.669998,50.07,50.610001,50.610001,334400,AVT
7/14/2023,50.549999,50.549999,49.110001,49.150002,49.150002,362500,AVT
7/17/2023,49.080002,49.529999,48.860001,49.200001,49.200001,533900,AVT
7/18/2023,49.040001,49.950001,48.84,49.619999,49.619999,656900,AVT
7/19/2023,49.610001,49.830002,48.630001,48.790001,48.790001,853100,AVT
7/20/2023,48.77,48.849998,47.759998,47.91,47.91,554100,AVT
7/21/2023,47.98,48.09,47.049999,47.32,47.32,742700,AVT
7/24/2023,47.43,47.790001,47.09,47.490002,47.490002,441800,AVT
7/25/2023,47.509998,48.619999,47.290001,48.080002,48.080002,972100,AVT
7/26/2023,48.080002,48.119999,47.57,47.970001,47.970001,2630600,AVT
7/27/2023,48.34,48.84,47.939999,48.060001,48.060001,843100,AVT
7/28/2023,48.299999,48.740002,47.66,47.82,47.82,402600,AVT
7/31/2023,47.950001,48.540001,47.889999,48.5,48.5,407600,AVT
8/1/2023,48.169998,48.630001,48.099998,48.540001,48.540001,365200,AVT
8/2/2023,48.209999,48.48,47.52,48.130001,48.130001,413700,AVT
8/3/2023,47.889999,47.889999,45.73,45.880001,45.880001,898200,AVT
8/4/2023,45.84,46.209999,45.380001,45.57,45.57,659800,AVT
8/7/2023,45.639999,46.16,45.529999,45.77,45.77,482400,AVT
8/8/2023,45.389999,46.099998,45.099998,46.060001,46.060001,468000,AVT
8/9/2023,46.040001,46.23,45.619999,45.860001,45.860001,388100,AVT
8/10/2023,46.119999,46.709999,45.830002,45.939999,45.939999,554600,AVT
8/11/2023,45.860001,46.189999,45.740002,45.830002,45.830002,386900,AVT
8/14/2023,45.830002,46.360001,45.630001,46.119999,46.119999,373200,AVT
8/15/2023,45.939999,46.040001,45.610001,45.639999,45.639999,459100,AVT
8/16/2023,45.400002,46.029999,44.599998,44.950001,44.950001,1108400,AVT
8/17/2023,48.349998,49.939999,47.740002,48.580002,48.580002,1960100,AVT
2/21/2023,23.75,25.190001,23.75,24.809999,24.809999,96400,ATAT
2/22/2023,24.809999,25.4,23.07,23.209999,23.209999,143600,ATAT
2/23/2023,23.65,26.879999,23.65,26.450001,26.450001,348400,ATAT
2/24/2023,25.6,25.6,23.700001,24.07,24.07,247400,ATAT
2/27/2023,24.6,24.879999,24.280001,24.5,24.5,62100,ATAT
2/28/2023,24.6,27.440001,24.6,26.43,26.43,263600,ATAT
3/1/2023,27.129999,27.499001,26.459999,27.209999,27.209999,104000,ATAT
3/2/2023,27.0,27.309999,25.84,26.08,26.08,71400,ATAT
3/3/2023,26.290001,26.9,25.15,26.26,26.26,88300,ATAT
3/6/2023,26.450001,27.246,25.6,27.030001,27.030001,84300,ATAT
3/7/2023,26.85,27.0,24.82,26.75,26.75,179700,ATAT
3/8/2023,26.370001,26.4,24.469999,25.1,25.1,140800,ATAT
3/9/2023,24.559999,24.92,22.99,24.01,24.01,253900,ATAT
3/10/2023,23.940001,24.360001,23.0,23.49,23.49,92700,ATAT
3/13/2023,23.49,26.228001,23.15,24.76,24.76,104500,ATAT
3/14/2023,24.799999,24.799999,23.200001,23.469999,23.469999,69600,ATAT
3/15/2023,23.6,23.6,20.204,22.4,22.4,471600,ATAT
3/16/2023,22.6,24.309999,21.09,24.08,24.08,148900,ATAT
3/17/2023,24.49,25.200001,23.370001,24.02,24.02,155700,ATAT
3/20/2023,23.6,24.57,23.1,23.860001,23.860001,62300,ATAT
3/21/2023,24.18,24.18,21.5,23.190001,23.190001,202400,ATAT
3/22/2023,23.299999,23.299999,22.23,22.700001,22.700001,86900,ATAT
3/23/2023,23.0,24.290001,22.969999,23.870001,23.870001,102600,ATAT
3/24/2023,23.190001,23.99,22.752001,23.280001,23.280001,47000,ATAT
3/27/2023,23.17,25.58,23.143,24.43,24.43,185400,ATAT
3/28/2023,24.83,24.93,23.809999,24.6,24.6,77800,ATAT
3/29/2023,24.9,25.139999,23.635,24.629999,24.629999,125000,ATAT
3/30/2023,25.120001,25.120001,23.299999,23.6,23.6,249000,ATAT
3/31/2023,23.93,27.0,23.799,26.209999,26.209999,468200,ATAT
4/3/2023,26.0,27.5,25.24,26.629999,26.629999,280600,ATAT
4/4/2023,26.514999,26.514999,24.459999,24.700001,24.700001,198600,ATAT
4/5/2023,24.799999,24.959999,23.799999,24.18,24.18,70000,ATAT
4/6/2023,24.58,26.200001,24.24,26.200001,26.200001,111700,ATAT
4/10/2023,26.049999,26.98,25.049999,26.83,26.83,72200,ATAT
4/11/2023,26.799999,27.1,25.799999,26.02,26.02,46500,ATAT
4/12/2023,25.76,26.16,24.165001,24.700001,24.700001,262700,ATAT
4/13/2023,25.059999,25.4,22.33,22.58,22.58,295500,ATAT
4/14/2023,23.200001,23.275,22.58,22.83,22.83,151500,ATAT
4/17/2023,23.120001,24.440001,22.74,23.48,23.48,121200,ATAT
4/18/2023,23.610001,23.67,22.975,23.16,23.16,67700,ATAT
4/19/2023,22.83,24.959999,22.799999,24.74,24.74,124300,ATAT
4/20/2023,24.51,25.18,24.02,24.15,24.15,100000,ATAT
4/21/2023,24.41,24.41,22.690001,23.02,23.02,172800,ATAT
4/24/2023,23.02,23.309999,21.34,21.59,21.59,207800,ATAT
4/25/2023,21.209999,21.32,20.1,20.33,20.33,258200,ATAT
4/26/2023,21.68,22.49,21.0,21.57,21.57,342700,ATAT
4/27/2023,21.299999,21.77,20.5,21.43,21.43,473100,ATAT
4/28/2023,21.549999,21.775,21.219,21.440001,21.440001,66800,ATAT
5/1/2023,21.549999,21.68,21.040001,21.5,21.5,103800,ATAT
5/2/2023,21.469999,21.469999,20.209999,20.209999,20.209999,80300,ATAT
5/3/2023,20.23,20.639999,19.532,20.379999,20.379999,127700,ATAT
5/4/2023,20.01,21.07,20.0,20.139999,20.139999,102300,ATAT
5/5/2023,20.110001,20.26,19.51,19.719999,19.719999,105700,ATAT
5/8/2023,19.84,19.959999,19.09,19.719999,19.719999,168800,ATAT
5/9/2023,19.299999,19.629999,18.43,18.49,18.49,353000,ATAT
5/10/2023,18.41,18.74,17.299999,17.299999,17.299999,290700,ATAT
5/11/2023,17.299999,18.139999,16.860001,17.82,17.82,336100,ATAT
5/12/2023,18.0,18.32,17.540001,17.780001,17.780001,65500,ATAT
5/15/2023,18.1,19.48,17.75,19.27,19.27,149300,ATAT
5/16/2023,19.27,19.68,18.860001,19.629999,19.629999,105800,ATAT
5/17/2023,19.139999,19.719999,18.91,19.33,19.33,111300,ATAT
5/18/2023,19.17,19.940001,17.52,18.200001,18.200001,274600,ATAT
5/19/2023,18.59,18.98,17.809999,18.700001,18.700001,226000,ATAT
5/22/2023,19.01,19.08,17.775,17.85,17.85,358100,ATAT
5/23/2023,17.559999,18.48,16.865,17.540001,17.540001,409300,ATAT
5/24/2023,17.18,17.83,16.219999,17.74,17.74,335700,ATAT
5/25/2023,17.27,17.639999,16.959999,16.959999,16.959999,97600,ATAT
5/26/2023,17.219999,18.15,17.200001,18.0,18.0,591100,ATAT
5/30/2023,18.27,18.27,16.950001,16.959999,16.959999,209900,ATAT
5/31/2023,17.08,17.43,16.16,16.16,16.16,326900,ATAT
6/1/2023,16.48,18.08,16.41,17.799999,17.799999,236700,ATAT
6/2/2023,18.24,18.5,17.860001,17.879999,17.879999,159800,ATAT
6/5/2023,17.969999,18.0,16.889999,17.02,17.02,98900,ATAT
6/6/2023,16.17,16.870001,14.8,15.76,15.76,905300,ATAT
6/7/2023,16.1,16.6,15.3,15.67,15.67,1089000,ATAT
6/8/2023,15.25,15.7,15.02,15.44,15.44,3252100,ATAT
6/9/2023,15.5,16.295,15.42,15.76,15.76,920700,ATAT
6/12/2023,15.78,16.43,15.78,16.040001,16.040001,678100,ATAT
6/13/2023,16.32,17.76,16.055,16.879999,16.879999,1009000,ATAT
6/14/2023,16.91,17.85,16.83,17.469999,17.469999,452800,ATAT
6/15/2023,17.65,18.4,17.469999,18.08,18.08,1028100,ATAT
6/16/2023,18.129999,18.754999,16.83,17.26,17.26,924800,ATAT
6/20/2023,17.02,17.02,16.08,16.110001,16.110001,636400,ATAT
6/21/2023,15.99,16.639999,15.99,16.32,16.32,145800,ATAT
6/22/2023,15.99,16.35,15.61,15.9,15.9,177700,ATAT
6/23/2023,15.73,15.99,15.5,15.73,15.73,184200,ATAT
6/26/2023,15.81,16.469999,15.78,15.8,15.8,318600,ATAT
6/27/2023,16.1,16.68,16.0,16.559999,16.559999,297200,ATAT
6/28/2023,16.58,16.690001,15.89,16.18,16.18,220300,ATAT
6/29/2023,16.1,16.27,15.75,16.219999,16.219999,252000,ATAT
6/30/2023,16.43,16.43,16.049999,16.24,16.24,474000,ATAT
7/3/2023,16.68,18.280001,16.68,18.120001,18.120001,502600,ATAT
7/5/2023,17.950001,18.450001,17.059999,17.33,17.33,453700,ATAT
7/6/2023,17.030001,17.41,16.85,17.26,17.26,284800,ATAT
7/7/2023,17.42,17.757,17.1,17.360001,17.360001,216500,ATAT
7/10/2023,17.4,18.280001,17.4,18.049999,18.049999,289300,ATAT
7/11/2023,18.18,18.290001,17.950001,18.190001,18.190001,355000,ATAT
7/12/2023,18.709999,19.26,18.700001,18.93,18.93,417500,ATAT
7/13/2023,19.299999,20.24,19.200001,19.67,19.67,733200,ATAT
7/14/2023,19.5,19.809999,19.15,19.309999,19.309999,309100,ATAT
7/17/2023,19.190001,19.530001,19.042999,19.49,19.49,286300,ATAT
7/18/2023,19.379999,19.709999,18.799999,19.02,19.02,283400,ATAT
7/19/2023,19.139999,19.6,19.110001,19.459999,19.459999,127000,ATAT
7/20/2023,19.209999,19.370001,18.815001,18.969999,18.969999,245300,ATAT
7/21/2023,19.1,19.235001,18.559999,18.610001,18.610001,158700,ATAT
7/24/2023,18.549999,19.5,18.139999,19.24,19.24,245300,ATAT
7/25/2023,19.700001,20.1,19.1,19.43,19.43,321000,ATAT
7/26/2023,19.309999,19.84,19.309999,19.57,19.57,312700,ATAT
7/27/2023,19.92,19.969999,19.059999,19.09,19.09,243100,ATAT
7/28/2023,20.1,21.0,19.110001,20.540001,20.540001,966800,ATAT
7/31/2023,21.0,21.209999,20.030001,20.26,20.26,502600,ATAT
8/1/2023,20.01,20.42,19.809999,20.07,20.07,291500,ATAT
8/2/2023,19.68,20.290001,19.540001,20.059999,20.059999,401900,ATAT
8/3/2023,20.290001,21.41,20.280001,21.0,21.0,998500,ATAT
8/4/2023,21.200001,21.200001,20.5,21.040001,21.040001,497700,ATAT
8/7/2023,21.040001,21.040001,20.51,21.0,21.0,401900,ATAT
8/8/2023,20.77,21.030001,20.4,21.030001,21.030001,290500,ATAT
8/9/2023,21.030001,21.209999,20.33,21.16,21.16,668800,ATAT
8/10/2023,21.209999,21.450001,20.870001,21.26,21.26,806300,ATAT
8/11/2023,20.76,21.004999,20.709999,20.940001,20.940001,209800,ATAT
8/14/2023,20.700001,20.92,19.975,20.860001,20.860001,251600,ATAT
8/15/2023,20.860001,21.0,20.639999,20.91,20.91,274900,ATAT
8/16/2023,20.5,20.950001,19.98,20.76,20.76,441900,ATAT
8/17/2023,21.889999,23.0,20.67,22.0,22.0,1430700,ATAT
2/21/2023,76.309998,77.129997,71.989998,72.019997,72.019997,1853800,WOLF
2/22/2023,72.849998,74.169998,72.050003,72.540001,72.540001,1343200,WOLF
2/23/2023,74.150002,75.32,71.970001,74.400002,74.400002,1870800,WOLF
2/24/2023,73.279999,73.709999,71.32,71.639999,71.639999,1472200,WOLF
2/27/2023,73.0,73.550003,71.870003,72.5,72.5,1231100,WOLF
2/28/2023,72.129997,75.510002,71.849998,73.980003,73.980003,1710500,WOLF
3/1/2023,74.139999,77.720001,73.779999,74.800003,74.800003,1786200,WOLF
3/2/2023,66.739998,70.43,64.519997,69.580002,69.580002,8469600,WOLF
3/3/2023,70.0,73.830002,69.260002,73.160004,73.160004,3114000,WOLF
3/6/2023,72.889999,74.550003,70.919998,71.269997,71.269997,2658100,WOLF
3/7/2023,71.0,71.160004,68.940002,70.110001,70.110001,2031900,WOLF
3/8/2023,69.610001,71.220001,68.669998,70.150002,70.150002,2142600,WOLF
3/9/2023,70.150002,71.290001,67.290001,67.43,67.43,2120200,WOLF
3/10/2023,67.5,67.510002,62.279999,62.52,62.52,3570700,WOLF
3/13/2023,62.0,65.470001,60.900002,63.509998,63.509998,2510900,WOLF
3/14/2023,65.279999,66.540001,63.869999,65.080002,65.080002,2566600,WOLF
3/15/2023,63.57,63.98,60.900002,62.599998,62.599998,2307800,WOLF
3/16/2023,62.32,63.299999,61.360001,63.110001,63.110001,2289600,WOLF
3/17/2023,63.630001,63.860001,61.490002,62.0,62.0,3029600,WOLF
3/20/2023,61.630001,62.84,61.119999,62.279999,62.279999,1273900,WOLF
3/21/2023,63.09,65.139999,63.09,63.799999,63.799999,1610800,WOLF
3/22/2023,63.779999,64.919998,60.91,61.189999,61.189999,1666200,WOLF
3/23/2023,61.939999,64.580002,61.009998,62.950001,62.950001,1432700,WOLF
3/24/2023,62.330002,62.580002,60.619999,61.299999,61.299999,1741400,WOLF
3/27/2023,61.98,63.029999,60.529999,61.599998,61.599998,1365500,WOLF
3/28/2023,61.32,61.639999,58.66,60.689999,60.689999,2732800,WOLF
3/29/2023,62.23,64.519997,61.759998,63.950001,63.950001,1981600,WOLF
3/30/2023,65.0,65.190002,62.990002,63.560001,63.560001,2131200,WOLF
3/31/2023,63.43,66.279999,63.110001,64.949997,64.949997,1740500,WOLF
4/3/2023,63.220001,64.349998,60.970001,62.349998,62.349998,1953600,WOLF
4/4/2023,62.259998,62.509998,58.880001,59.5,59.5,1969900,WOLF
4/5/2023,58.599998,58.91,56.709999,57.759998,57.759998,3460800,WOLF
4/6/2023,57.130001,58.0,55.259998,57.439999,57.439999,2413000,WOLF
4/10/2023,56.189999,58.669998,55.349998,58.279999,58.279999,2316300,WOLF
4/11/2023,58.52,59.490002,57.959999,58.709999,58.709999,1787600,WOLF
4/12/2023,59.779999,60.0,56.02,56.130001,56.130001,2044200,WOLF
4/13/2023,56.049999,57.599998,55.650002,56.849998,56.849998,1587000,WOLF
4/14/2023,56.75,57.369999,55.5,56.23,56.23,1805600,WOLF
4/17/2023,53.91,56.889999,52.759998,56.849998,56.849998,3364900,WOLF
4/18/2023,57.630001,57.759998,55.779999,57.68,57.68,2423000,WOLF
4/19/2023,56.790001,57.27,55.639999,57.150002,57.150002,1350100,WOLF
4/20/2023,55.450001,59.110001,55.16,58.400002,58.400002,2146000,WOLF
4/21/2023,58.540001,60.599998,57.880001,59.380001,59.380001,2107000,WOLF
4/24/2023,59.110001,60.259998,58.740002,59.709999,59.709999,1790600,WOLF
4/25/2023,58.810001,58.950001,56.240002,56.32,56.32,2167100,WOLF
4/26/2023,57.110001,58.970001,56.34,57.400002,57.400002,2527000,WOLF
4/27/2023,50.700001,51.82,44.25,46.0,46.0,15862500,WOLF
4/28/2023,46.09,48.459999,45.0,46.549999,46.549999,5048900,WOLF
5/1/2023,47.419998,48.740002,46.41,46.66,46.66,3591100,WOLF
5/2/2023,46.66,47.150002,45.450001,45.66,45.66,2692200,WOLF
5/3/2023,45.040001,45.279999,42.990002,43.259998,43.259998,4597500,WOLF
5/4/2023,42.75,42.860001,39.950001,40.25,40.25,5751900,WOLF
5/5/2023,41.119999,41.18,39.470001,40.970001,40.970001,5128000,WOLF
5/8/2023,40.970001,41.75,39.459999,41.299999,41.299999,3395900,WOLF
5/9/2023,40.150002,40.919998,39.419998,40.860001,40.860001,5484500,WOLF
5/10/2023,41.48,41.860001,40.200001,40.810001,40.810001,3320800,WOLF
5/11/2023,40.299999,40.549999,39.419998,39.48,39.48,2531400,WOLF
5/12/2023,39.560001,40.299999,39.02,40.09,40.09,2544200,WOLF
5/15/2023,40.290001,42.5,40.09,41.950001,41.950001,4037700,WOLF
5/16/2023,41.459999,41.93,40.0,40.02,40.02,2523300,WOLF
5/17/2023,40.189999,42.439999,39.900002,42.02,42.02,2701900,WOLF
5/18/2023,42.139999,43.330002,41.509998,43.18,43.18,2197900,WOLF
5/19/2023,43.18,44.310001,42.689999,44.029999,44.029999,3101400,WOLF
5/22/2023,43.43,46.509998,43.299999,46.32,46.32,3197800,WOLF
5/23/2023,46.32,50.599998,46.009998,49.970001,49.970001,6307000,WOLF
5/24/2023,48.389999,50.080002,47.75,49.139999,49.139999,3562600,WOLF
5/25/2023,48.669998,50.290001,47.610001,47.939999,47.939999,2641400,WOLF
5/26/2023,48.150002,51.759998,48.0,51.200001,51.200001,3050700,WOLF
5/30/2023,52.619999,53.119999,49.009998,49.830002,49.830002,2972100,WOLF
5/31/2023,48.540001,49.709999,47.77,48.040001,48.040001,3582200,WOLF
6/1/2023,48.91,49.52,47.48,48.849998,48.849998,2213500,WOLF
6/2/2023,49.610001,50.060001,47.57,49.060001,49.060001,2356500,WOLF
6/5/2023,49.0,49.0,47.75,48.900002,48.900002,1851200,WOLF
6/6/2023,48.57,50.43,48.400002,49.48,49.48,2314400,WOLF
6/7/2023,50.02,53.66,49.919998,51.580002,51.580002,3788200,WOLF
6/8/2023,52.450001,53.650002,51.810001,53.529999,53.529999,2976600,WOLF
6/9/2023,54.209999,54.919998,52.650002,53.130001,53.130001,2171000,WOLF
6/12/2023,53.84,55.32,53.549999,54.93,54.93,2205400,WOLF
6/13/2023,56.540001,59.23,56.23,58.080002,58.080002,4189000,WOLF
6/14/2023,57.830002,58.0,55.41,56.490002,56.490002,2091000,WOLF
6/15/2023,55.23,55.990002,54.75,54.93,54.93,2710700,WOLF
6/16/2023,55.189999,55.27,52.66,53.07,53.07,3934500,WOLF
6/20/2023,52.52,53.220001,51.18,51.560001,51.560001,2770800,WOLF
6/21/2023,51.16,51.75,49.860001,50.509998,50.509998,1900500,WOLF
6/22/2023,50.119999,51.990002,49.939999,51.98,51.98,2184100,WOLF
6/23/2023,50.82,51.130001,49.130001,49.450001,49.450001,2266800,WOLF
6/26/2023,52.5,52.880001,50.419998,50.799999,50.799999,3660900,WOLF
6/27/2023,51.009998,56.32,50.189999,56.220001,56.220001,3474700,WOLF
6/28/2023,54.68,55.48,54.080002,54.23,54.23,2036100,WOLF
6/29/2023,55.369999,55.52,54.07,55.169998,55.169998,1557900,WOLF
6/30/2023,55.5,56.490002,55.060001,55.59,55.59,1506100,WOLF
7/3/2023,56.700001,57.57,55.950001,56.740002,56.740002,849000,WOLF
7/5/2023,67.800003,69.629997,62.950001,62.990002,62.990002,18251000,WOLF
7/6/2023,61.0,62.450001,58.669998,58.919998,58.919998,5022800,WOLF
7/7/2023,59.880001,65.269997,59.880001,63.639999,63.639999,4935900,WOLF
7/10/2023,63.290001,65.349998,62.950001,64.620003,64.620003,2163800,WOLF
7/11/2023,65.059998,65.360001,62.59,64.68,64.68,3144000,WOLF
7/12/2023,65.809998,66.330002,64.650002,65.260002,65.260002,2232500,WOLF
7/13/2023,65.970001,68.019997,65.769997,67.269997,67.269997,2630100,WOLF
7/14/2023,66.790001,67.099998,64.209999,64.470001,64.470001,2166500,WOLF
7/17/2023,64.489998,67.279999,63.900002,66.760002,66.760002,2191300,WOLF
7/18/2023,65.919998,67.860001,65.199997,67.540001,67.540001,1813900,WOLF
7/19/2023,68.550003,70.419998,67.519997,67.940002,67.940002,2546200,WOLF
7/20/2023,67.269997,67.269997,62.959999,63.439999,63.439999,2935600,WOLF
7/21/2023,63.990002,64.839996,62.369999,63.16,63.16,1479800,WOLF
7/24/2023,63.049999,63.41,62.220001,62.43,62.43,974400,WOLF
7/25/2023,63.130001,63.73,62.23,62.279999,62.279999,1739600,WOLF
7/26/2023,61.5,63.98,61.240002,63.09,63.09,1372300,WOLF
7/27/2023,65.199997,65.279999,61.52,62.009998,62.009998,1918000,WOLF
7/28/2023,63.049999,64.330002,62.330002,64.139999,64.139999,1420200,WOLF
7/31/2023,65.0,66.220001,64.75,65.900002,65.900002,1415800,WOLF
8/1/2023,65.040001,65.279999,63.23,63.25,63.25,1579500,WOLF
8/2/2023,61.470001,61.810001,59.419998,60.580002,60.580002,2591300,WOLF
8/3/2023,59.75,59.990002,58.110001,58.990002,58.990002,2321200,WOLF
8/4/2023,58.630001,60.43,58.290001,59.650002,59.650002,1832300,WOLF
8/7/2023,59.939999,60.0,57.459999,58.950001,58.950001,1532700,WOLF
8/8/2023,57.240002,57.919998,56.369999,57.630001,57.630001,1666400,WOLF
8/9/2023,57.34,57.549999,56.189999,56.549999,56.549999,1320600,WOLF
8/10/2023,56.799999,57.290001,54.43,54.459999,54.459999,2707900,WOLF
8/11/2023,53.689999,55.060001,53.150002,54.43,54.43,2404500,WOLF
8/14/2023,53.650002,56.369999,53.060001,56.189999,56.189999,1794700,WOLF
8/15/2023,55.610001,56.560001,54.240002,54.43,54.43,1779100,WOLF
8/16/2023,53.830002,54.830002,53.080002,53.169998,53.169998,3651600,WOLF
8/17/2023,44.200001,46.77,42.009998,44.099998,44.099998,15959800,WOLF
2/21/2023,6.475,6.8,6.18,6.22,6.22,12728500,RIOT
2/22/2023,6.19,6.45,6.0,6.35,6.35,13407700,RIOT
2/23/2023,6.45,6.54,6.14,6.37,6.37,11009300,RIOT
2/24/2023,6.17,6.22,5.73,5.87,5.87,12051500,RIOT
2/27/2023,6.04,6.12,5.87,6.01,6.01,7351100,RIOT
2/28/2023,6.02,6.52,5.93,6.25,6.25,12476400,RIOT
3/1/2023,6.38,6.43,6.069,6.14,6.14,10997100,RIOT
3/2/2023,5.99,6.27,5.77,6.18,6.18,10167800,RIOT
3/3/2023,5.975,6.48,5.83,6.34,6.34,13744600,RIOT
3/6/2023,6.37,6.88,6.17,6.37,6.37,13040500,RIOT
3/7/2023,6.33,6.53,6.15,6.17,6.17,8767700,RIOT
3/8/2023,6.17,6.39,6.07,6.3,6.3,8662300,RIOT
3/9/2023,6.19,6.3,5.51,5.53,5.53,12832900,RIOT
3/10/2023,5.46,5.63,5.16,5.3,5.3,11780000,RIOT
3/13/2023,5.51,6.35,5.33,6.25,6.25,23685800,RIOT
3/14/2023,6.79,7.27,6.57,6.89,6.89,30018800,RIOT
3/15/2023,6.82,7.08,6.35,6.69,6.69,16291000,RIOT
3/16/2023,6.75,7.13,6.619,7.05,7.05,12959400,RIOT
3/17/2023,7.58,8.46,7.175,8.1,8.1,40834400,RIOT
3/20/2023,8.63,8.76,8.03,8.55,8.55,29574900,RIOT
3/21/2023,8.47,9.17,8.37,9.07,9.07,25618600,RIOT
3/22/2023,9.1,9.39,8.04,8.1,8.1,30841500,RIOT
3/23/2023,8.315,9.72,8.245,9.47,9.47,31925100,RIOT
3/24/2023,9.21,9.25,8.35,8.63,8.63,26370500,RIOT
3/27/2023,8.74,8.745,7.91,8.04,8.04,16539900,RIOT
3/28/2023,7.92,8.305,7.66,8.11,8.11,15540800,RIOT
3/29/2023,8.54,9.24,8.46,9.23,9.23,23697500,RIOT
3/30/2023,9.41,9.54,9.05,9.14,9.14,18406900,RIOT
3/31/2023,9.25,10.1,9.142,9.99,9.99,26859600,RIOT
4/3/2023,9.81,9.95,9.24,9.67,9.67,17409600,RIOT
4/4/2023,9.82,9.93,9.23,9.56,9.56,14720300,RIOT
4/5/2023,9.64,9.75,9.01,9.15,9.15,15953300,RIOT
4/6/2023,8.971,9.39,8.76,9.16,9.16,12719100,RIOT
4/10/2023,9.17,10.62,8.94,10.58,10.58,30153900,RIOT
4/11/2023,10.99,12.55,10.8,12.38,12.38,55029300,RIOT
4/12/2023,12.26,13.15,11.95,12.35,12.35,48039100,RIOT
4/13/2023,12.69,13.86,12.68,13.5,13.5,44153800,RIOT
4/14/2023,13.83,13.89,12.75,13.48,13.48,30831200,RIOT
4/17/2023,12.52,12.98,12.12,12.93,12.93,19850200,RIOT
4/18/2023,13.67,14.429,13.25,13.45,13.45,26531200,RIOT
4/19/2023,12.56,12.905,12.09,12.11,12.11,20647200,RIOT
4/20/2023,11.73,12.09,10.85,10.9,10.9,20535700,RIOT
4/21/2023,11.33,11.33,10.5,10.52,10.52,18768700,RIOT
4/24/2023,10.47,10.805,10.12,10.39,10.39,18193800,RIOT
4/25/2023,10.33,11.14,10.06,10.71,10.71,27025100,RIOT
4/26/2023,11.99,12.08,10.87,10.91,10.91,40387000,RIOT
4/27/2023,11.22,11.92,10.755,11.84,11.84,28867000,RIOT
4/28/2023,11.66,12.1,11.32,11.96,11.96,22159000,RIOT
5/1/2023,11.6,11.639,10.37,10.52,10.52,19192300,RIOT
5/2/2023,10.65,11.97,10.32,11.78,11.78,22935300,RIOT
5/3/2023,11.39,11.51,10.66,10.74,10.74,27764600,RIOT
5/4/2023,10.8,11.148,10.54,10.84,10.84,23478600,RIOT
5/5/2023,10.83,11.685,10.71,11.54,11.54,28524300,RIOT
5/8/2023,10.84,10.86,10.2,10.49,10.49,23093900,RIOT
5/9/2023,10.67,11.57,10.62,11.44,11.44,18784400,RIOT
5/10/2023,11.84,12.9,11.68,12.28,12.28,31547700,RIOT
5/11/2023,11.944,12.1,10.415,10.71,10.71,25762300,RIOT
5/12/2023,10.6,10.84,10.344,10.61,10.61,16316100,RIOT
5/15/2023,10.93,11.32,10.65,11.08,11.08,17750400,RIOT
5/16/2023,10.78,11.035,10.55,10.85,10.85,12465800,RIOT
5/17/2023,10.66,11.61,10.6,11.53,11.53,16416800,RIOT
5/18/2023,11.29,11.827,10.68,11.07,11.07,16231600,RIOT
5/19/2023,11.26,11.53,10.89,11.08,11.08,14085800,RIOT
5/22/2023,11.005,12.2,10.83,12.2,12.2,21033000,RIOT
5/23/2023,12.39,12.611,11.25,11.28,11.28,23583000,RIOT
5/24/2023,11.06,11.47,10.56,11.27,11.27,18765600,RIOT
5/25/2023,11.35,11.53,10.66,11.07,11.07,13904600,RIOT
5/26/2023,11.11,11.845,10.73,10.92,10.92,18298000,RIOT
5/30/2023,11.71,12.797,11.59,12.03,12.03,34100600,RIOT
5/31/2023,11.58,12.04,11.37,12.0,12.0,19845600,RIOT
6/1/2023,11.79,12.707,11.59,12.41,12.41,21175500,RIOT
6/2/2023,12.71,12.71,11.37,11.71,11.71,34218300,RIOT
6/5/2023,11.29,11.61,10.45,10.68,10.68,28106100,RIOT
6/6/2023,10.14,10.98,9.7,10.9,10.9,26503000,RIOT
6/7/2023,10.78,11.2,10.29,10.43,10.43,19520700,RIOT
6/8/2023,10.44,10.85,10.37,10.55,10.55,11197900,RIOT
6/9/2023,10.71,10.78,10.221,10.33,10.33,9124500,RIOT
6/12/2023,10.21,10.36,10.02,10.24,10.24,10136600,RIOT
6/13/2023,10.58,10.69,10.11,10.26,10.26,10967800,RIOT
6/14/2023,10.3,10.52,10.02,10.15,10.15,12934300,RIOT
6/15/2023,9.8,10.13,9.417,9.97,9.97,15436200,RIOT
6/16/2023,10.07,10.48,9.83,10.4,10.4,18636800,RIOT
6/20/2023,10.64,11.29,10.119,11.25,11.25,27317200,RIOT
6/21/2023,11.66,12.06,11.46,11.68,11.68,34973600,RIOT
6/22/2023,11.75,11.97,10.76,11.24,11.24,20888300,RIOT
6/23/2023,11.11,12.11,10.9,11.6,11.6,29601300,RIOT
6/26/2023,11.49,12.18,10.72,10.77,10.77,22037400,RIOT
6/27/2023,11.07,11.71,10.88,11.65,11.65,25685600,RIOT
6/28/2023,11.42,11.98,11.24,11.54,11.54,16753300,RIOT
6/29/2023,11.87,12.37,11.51,11.66,11.66,21510800,RIOT
6/30/2023,12.08,12.41,11.2,11.82,11.82,30099300,RIOT
7/3/2023,11.92,13.455,11.861,13.35,13.35,29313400,RIOT
7/5/2023,12.82,13.86,12.65,13.59,13.59,28389700,RIOT
7/6/2023,13.78,13.88,12.79,13.54,13.54,23790800,RIOT
7/7/2023,13.42,15.55,13.42,15.48,15.48,41061000,RIOT
7/10/2023,15.75,16.91,15.12,16.860001,16.860001,34873100,RIOT
7/11/2023,16.799999,17.655001,16.33,17.51,17.51,35291300,RIOT
7/12/2023,18.040001,18.639999,17.24,17.65,17.65,40610100,RIOT
7/13/2023,17.870001,20.530001,17.82,20.290001,20.290001,53242000,RIOT
7/14/2023,20.25,20.65,18.77,19.120001,19.120001,38949400,RIOT
7/17/2023,19.17,20.27,18.209999,18.48,18.48,31227800,RIOT
7/18/2023,18.09,18.855,17.83,18.280001,18.280001,20923100,RIOT
7/19/2023,18.639999,19.424999,18.280001,18.93,18.93,25966700,RIOT
7/20/2023,19.15,19.5,18.24,18.469999,18.469999,23803300,RIOT
7/21/2023,18.75,18.849001,17.41,18.379999,18.379999,22566700,RIOT
7/24/2023,17.620001,18.02,16.83,17.43,17.43,19214700,RIOT
7/25/2023,17.549999,18.837999,17.549999,17.950001,17.950001,18941000,RIOT
7/26/2023,18.030001,18.584999,17.709999,18.450001,18.450001,16412300,RIOT
7/27/2023,19.0,19.129999,17.440001,17.6,17.6,17258100,RIOT
7/28/2023,18.07,18.690001,17.870001,18.379999,18.379999,16691700,RIOT
7/31/2023,18.629999,19.190001,18.17,18.52,18.52,18068200,RIOT
8/1/2023,18.129999,18.41,17.07,18.23,18.23,19757500,RIOT
8/2/2023,18.200001,19.200001,17.549999,17.969999,17.969999,22880200,RIOT
8/3/2023,17.719999,18.6,17.610001,17.809999,17.809999,18980600,RIOT
8/4/2023,17.99,18.120001,17.08,17.110001,17.110001,15365100,RIOT
8/7/2023,16.99,17.040001,15.315,16.32,16.32,17455500,RIOT
8/8/2023,16.809999,17.360001,16.219999,17.094999,17.094999,19345400,RIOT
8/9/2023,17.219999,17.290001,16.299999,16.34,16.34,18385500,RIOT
8/10/2023,16.4,16.639999,14.82,15.0,15.0,19010300,RIOT
8/11/2023,14.84,15.7,14.63,15.23,15.23,17791700,RIOT
8/14/2023,15.02,15.06,14.36,14.66,14.66,17366800,RIOT
8/15/2023,14.57,14.85,13.655,13.7,13.7,16152200,RIOT
8/16/2023,13.42,13.53,12.93,13.1,13.1,18877700,RIOT
8/17/2023,12.72,12.76,11.655,11.71,11.71,23752300,RIOT
2/21/2023,189.389999,191.630005,188.320007,190.449997,190.449997,205700,MSGS
2/22/2023,190.839996,192.880005,190.485001,191.509995,191.509995,104500,MSGS
2/23/2023,191.960007,193.320007,191.119995,192.410004,192.410004,99100,MSGS
2/24/2023,191.119995,192.119995,189.563004,190.089996,190.089996,172600,MSGS
2/27/2023,190.369995,191.800003,189.600006,191.220001,191.220001,114000,MSGS
2/28/2023,191.240005,192.779999,190.479996,191.139999,191.139999,134500,MSGS
3/1/2023,190.779999,193.485001,190.25,192.710007,192.710007,111700,MSGS
3/2/2023,192.460007,196.470001,191.259995,195.259995,195.259995,90000,MSGS
3/3/2023,195.559998,195.559998,193.850006,195.259995,195.259995,123600,MSGS
3/6/2023,194.899994,196.100006,193.895004,194.149994,194.149994,78900,MSGS
3/7/2023,194.130005,195.360001,191.550003,192.509995,192.509995,99800,MSGS
3/8/2023,193.130005,193.492004,189.919998,191.350006,191.350006,66100,MSGS
3/9/2023,191.619995,192.080002,189.070007,189.860001,189.860001,69300,MSGS
3/10/2023,189.600006,189.600006,186.460007,187.110001,187.110001,96300,MSGS
3/13/2023,185.710007,186.389999,182.509995,184.649994,184.649994,114400,MSGS
3/14/2023,186.75,187.800003,183.850006,184.520004,184.520004,220800,MSGS
3/15/2023,183.5,184.098007,178.464996,182.149994,182.149994,260400,MSGS
3/16/2023,181.100006,183.949997,179.539993,183.949997,183.949997,270300,MSGS
3/17/2023,182.940002,183.490005,181.350006,183.479996,183.479996,185500,MSGS
3/20/2023,184.130005,188.679993,184.070007,187.729996,187.729996,117700,MSGS
3/21/2023,189.100006,190.139999,186.949997,188.309998,188.309998,125200,MSGS
3/22/2023,188.529999,189.095001,186.130005,186.740005,186.740005,105500,MSGS
3/23/2023,186.740005,189.429993,184.710007,187.339996,187.339996,97800,MSGS
3/24/2023,186.580002,189.324997,185.220001,188.360001,188.360001,139000,MSGS
3/27/2023,189.229996,190.410004,188.410004,190.259995,190.259995,82800,MSGS
3/28/2023,189.479996,192.619995,189.0,192.380005,192.380005,82400,MSGS
3/29/2023,192.529999,193.380005,191.440002,192.5,192.5,76500,MSGS
3/30/2023,192.449997,194.100006,192.449997,193.25,193.25,49700,MSGS
3/31/2023,193.960007,195.679993,193.0,194.850006,194.850006,86800,MSGS
4/3/2023,194.580002,195.539993,194.059998,194.960007,194.960007,86500,MSGS
4/4/2023,194.600006,194.75,192.220001,194.539993,194.539993,73000,MSGS
4/5/2023,193.520004,194.600006,192.139999,194.600006,194.600006,96200,MSGS
4/6/2023,194.199997,195.460007,193.75,194.240005,194.240005,71900,MSGS
4/10/2023,193.410004,194.380005,192.229996,193.949997,193.949997,126600,MSGS
4/11/2023,194.759995,198.520004,194.759995,198.220001,198.220001,111900,MSGS
4/12/2023,199.559998,199.559998,196.050003,196.110001,196.110001,126700,MSGS
4/13/2023,197.25,199.300003,196.559998,198.880005,198.880005,197500,MSGS
4/14/2023,198.520004,200.020004,196.399994,196.990005,196.990005,113000,MSGS
4/17/2023,197.490005,198.589996,193.330002,194.509995,194.509995,135500,MSGS
4/18/2023,195.5,200.160004,195.309998,199.899994,199.899994,121600,MSGS
4/19/2023,199.630005,201.720001,197.940002,200.160004,200.160004,72300,MSGS
4/20/2023,198.710007,199.875,197.714996,198.910004,198.910004,64400,MSGS
4/21/2023,199.539993,199.539993,197.679993,198.669998,198.669998,82400,MSGS
4/24/2023,198.270004,200.699997,197.880005,199.110001,199.110001,108300,MSGS
4/25/2023,198.610001,198.610001,196.210007,198.550003,198.550003,113600,MSGS
4/26/2023,197.419998,198.570007,196.660004,197.729996,197.729996,95400,MSGS
4/27/2023,197.539993,201.440002,197.309998,201.389999,201.389999,145900,MSGS
4/28/2023,200.850006,204.660004,200.300003,200.5,200.5,116300,MSGS
5/1/2023,199.970001,205.229996,199.970001,204.970001,204.970001,185700,MSGS
5/2/2023,204.259995,205.270004,201.783005,203.839996,203.839996,277000,MSGS
5/3/2023,204.25,205.339996,201.800003,201.960007,201.960007,142500,MSGS
5/4/2023,200.210007,208.75,200.210007,208.509995,208.509995,255600,MSGS
5/5/2023,209.059998,209.817001,203.529999,206.330002,206.330002,182200,MSGS
5/8/2023,205.729996,206.240005,204.220001,204.229996,204.229996,114700,MSGS
5/9/2023,204.210007,204.210007,198.860001,199.75,199.75,157000,MSGS
5/10/2023,199.169998,199.589996,193.75,193.929993,193.929993,152600,MSGS
5/11/2023,192.419998,193.035004,190.110001,190.229996,190.229996,130900,MSGS
5/12/2023,190.009995,190.550003,189.020004,189.970001,189.970001,126000,MSGS
5/15/2023,189.929993,192.199997,188.860001,189.220001,189.220001,108000,MSGS
5/16/2023,188.690002,189.619995,186.830002,188.279999,188.279999,113000,MSGS
5/17/2023,188.699997,189.25,186.089996,186.490005,186.490005,132200,MSGS
5/18/2023,186.589996,190.520004,186.589996,188.740005,188.740005,161200,MSGS
5/19/2023,189.300003,189.300003,185.630005,185.919998,185.919998,130900,MSGS
5/22/2023,185.869995,186.289993,181.520004,181.660004,181.660004,175400,MSGS
5/23/2023,181.699997,182.0,178.800003,180.130005,180.130005,168000,MSGS
5/24/2023,180.080002,180.080002,177.789993,177.929993,177.929993,95700,MSGS
5/25/2023,178.259995,179.399994,177.229996,177.440002,177.440002,93500,MSGS
5/26/2023,178.649994,178.899994,176.529999,177.410004,177.410004,108300,MSGS
5/30/2023,177.449997,177.449997,174.820007,175.759995,175.759995,111700,MSGS
5/31/2023,175.949997,177.011002,174.580002,176.649994,176.649994,161300,MSGS
6/1/2023,176.669998,177.975006,175.949997,177.800003,177.800003,103400,MSGS
6/2/2023,178.869995,180.220001,177.600006,178.410004,178.410004,108100,MSGS
6/5/2023,178.070007,179.119995,176.205002,178.490005,178.490005,97900,MSGS
6/6/2023,178.309998,179.929993,177.570007,178.089996,178.089996,104900,MSGS
6/7/2023,178.169998,179.233002,176.169998,176.5,176.5,118500,MSGS
6/8/2023,176.679993,179.020004,176.580002,178.380005,178.380005,82800,MSGS
6/9/2023,178.470001,178.585007,176.399994,177.820007,177.820007,87700,MSGS
6/12/2023,177.710007,178.414001,176.0,176.720001,176.720001,108300,MSGS
6/13/2023,177.630005,180.410004,177.630005,179.339996,179.339996,85900,MSGS
6/14/2023,178.75,179.399994,177.729996,178.649994,178.649994,90200,MSGS
6/15/2023,178.589996,179.339996,177.559998,178.919998,178.919998,67900,MSGS
6/16/2023,179.259995,181.639999,178.539993,180.089996,180.089996,149100,MSGS
6/20/2023,179.699997,179.839996,175.479996,175.5,175.5,116500,MSGS
6/21/2023,175.229996,177.429993,175.018005,176.679993,176.679993,91200,MSGS
6/22/2023,177.009995,180.449997,176.940002,180.449997,180.449997,138700,MSGS
6/23/2023,179.5,181.160004,178.479996,179.289993,179.289993,385000,MSGS
6/26/2023,178.619995,180.429993,178.257004,179.410004,179.410004,121500,MSGS
6/27/2023,179.820007,182.429993,179.779999,181.869995,181.869995,96100,MSGS
6/28/2023,182.0,185.179993,181.425003,185.100006,185.100006,160000,MSGS
6/29/2023,185.470001,189.119995,184.729996,186.899994,186.899994,102300,MSGS
6/30/2023,187.449997,188.380005,185.690002,188.050003,188.050003,119800,MSGS
7/3/2023,187.899994,188.990005,186.869995,187.070007,187.070007,64800,MSGS
7/5/2023,186.690002,188.479996,185.414993,188.419998,188.419998,94400,MSGS
7/6/2023,188.330002,192.029999,187.149994,189.949997,189.949997,260800,MSGS
7/7/2023,190.100006,194.580002,190.100006,192.360001,192.360001,109100,MSGS
7/10/2023,192.360001,196.850006,192.360001,194.419998,194.419998,218000,MSGS
7/11/2023,194.589996,195.279999,189.149994,192.350006,192.350006,153300,MSGS
7/12/2023,193.119995,194.259995,192.399994,193.220001,193.220001,53500,MSGS
7/13/2023,192.960007,193.949997,191.537994,192.619995,192.619995,79600,MSGS
7/14/2023,192.960007,193.464996,191.279999,192.779999,192.779999,73200,MSGS
7/17/2023,191.789993,193.190002,191.315002,192.990005,192.990005,68000,MSGS
7/18/2023,192.75,195.300003,192.75,194.100006,194.100006,140300,MSGS
7/19/2023,192.830002,194.179993,188.895004,189.800003,189.800003,140900,MSGS
7/20/2023,188.860001,191.899994,188.759995,191.899994,191.899994,101900,MSGS
7/21/2023,192.770004,193.175003,191.610001,192.850006,192.850006,98500,MSGS
7/24/2023,191.990005,192.449997,189.738007,190.830002,190.830002,100100,MSGS
7/25/2023,189.940002,192.600006,189.470001,192.210007,192.210007,123700,MSGS
7/26/2023,191.580002,192.876007,190.649994,191.419998,191.419998,106100,MSGS
7/27/2023,191.179993,193.550003,189.399994,190.100006,190.100006,148000,MSGS
7/28/2023,203.0,213.539993,200.279999,212.240005,212.240005,1340800,MSGS
7/31/2023,212.25,215.785004,210.600006,212.75,212.75,4346300,MSGS
8/1/2023,211.570007,213.419998,208.639999,208.940002,208.940002,490400,MSGS
8/2/2023,207.320007,210.699997,205.744995,209.470001,209.470001,267600,MSGS
8/3/2023,208.910004,212.479996,208.735001,211.940002,211.940002,183200,MSGS
8/4/2023,211.600006,213.830002,208.350006,208.759995,208.759995,184100,MSGS
8/7/2023,208.550003,214.059998,207.880005,211.330002,211.330002,201800,MSGS
8/8/2023,210.789993,212.125,208.380005,209.25,209.25,117600,MSGS
8/9/2023,210.339996,210.339996,205.850006,207.190002,207.190002,150600,MSGS
8/10/2023,207.110001,208.535004,205.539993,206.610001,206.610001,101800,MSGS
8/11/2023,205.529999,208.300003,205.300003,207.929993,207.929993,132300,MSGS
8/14/2023,207.949997,209.479996,205.429001,208.949997,208.949997,154100,MSGS
8/15/2023,208.940002,209.380005,206.960007,207.899994,207.899994,144200,MSGS
8/16/2023,207.070007,208.955002,204.839996,205.610001,205.610001,252300,MSGS
8/17/2023,192.949997,195.815002,184.300003,185.0,185.0,728200,MSGS
2/21/2023,214.850006,217.440002,213.440002,215.850006,215.850006,477000,NICE
2/22/2023,215.470001,217.550003,214.070007,215.550003,215.550003,365000,NICE
2/23/2023,207.800003,210.720001,193.610001,210.059998,210.059998,1144500,NICE
2/24/2023,205.990005,207.009995,202.270004,203.990005,203.990005,464700,NICE
2/27/2023,204.990005,210.160004,204.429993,205.619995,205.619995,444400,NICE
2/28/2023,204.740005,209.649994,204.529999,207.410004,207.410004,336400,NICE
3/1/2023,206.880005,210.270004,206.259995,208.710007,208.710007,342500,NICE
3/2/2023,206.490005,211.490005,205.619995,210.770004,210.770004,310400,NICE
3/3/2023,212.0,216.619995,211.5,213.369995,213.369995,315600,NICE
3/6/2023,214.449997,215.509995,212.050003,212.300003,212.300003,151700,NICE
3/7/2023,212.300003,214.130005,209.380005,210.0,210.0,164200,NICE
3/8/2023,212.429993,213.759995,210.550003,212.389999,212.389999,279900,NICE
3/9/2023,215.0,215.0,210.029999,210.380005,210.380005,347300,NICE
3/10/2023,210.979996,211.899994,204.190002,204.509995,204.509995,544600,NICE
3/13/2023,202.190002,205.0,201.289993,202.490005,202.490005,900300,NICE
3/14/2023,203.839996,207.080002,203.839996,206.789993,206.789993,544300,NICE
3/15/2023,204.949997,206.639999,203.979996,205.449997,205.449997,221100,NICE
3/16/2023,205.169998,211.809998,204.759995,211.539993,211.539993,199800,NICE
3/17/2023,211.990005,213.509995,211.110001,212.710007,212.710007,244000,NICE
3/20/2023,213.699997,213.800003,209.610001,210.610001,210.610001,245000,NICE
3/21/2023,211.389999,213.070007,210.029999,210.410004,210.410004,289300,NICE
3/22/2023,211.179993,212.919998,207.190002,207.279999,207.279999,326300,NICE
3/23/2023,209.070007,213.070007,208.960007,211.070007,211.070007,349400,NICE
3/24/2023,209.25,210.660004,207.339996,210.070007,210.070007,150400,NICE
3/27/2023,212.600006,212.690002,208.320007,211.0,211.0,236300,NICE
3/28/2023,210.169998,211.289993,207.800003,209.210007,209.210007,226100,NICE
3/29/2023,211.520004,220.179993,210.990005,220.039993,220.039993,279600,NICE
3/30/2023,222.25,225.100006,221.210007,224.399994,224.399994,255800,NICE
3/31/2023,225.630005,228.949997,224.800003,228.889999,228.889999,231400,NICE
4/3/2023,226.539993,226.759995,222.770004,224.899994,224.899994,301300,NICE
4/4/2023,225.300003,229.869995,225.149994,228.039993,228.039993,206300,NICE
4/5/2023,228.050003,228.130005,222.110001,222.820007,222.820007,172800,NICE
4/6/2023,222.5,225.770004,221.149994,225.399994,225.399994,128600,NICE
4/10/2023,222.440002,224.910004,221.929993,224.910004,224.910004,109800,NICE
4/11/2023,223.199997,224.75,220.779999,222.649994,222.649994,107800,NICE
4/12/2023,224.889999,226.919998,223.800003,224.050003,224.050003,218900,NICE
4/13/2023,225.720001,228.979996,225.570007,228.940002,228.940002,144000,NICE
4/14/2023,227.199997,229.410004,225.479996,227.309998,227.309998,109100,NICE
4/17/2023,226.5,226.850006,222.679993,223.949997,223.949997,167100,NICE
4/18/2023,224.669998,224.899994,217.460007,218.449997,218.449997,301200,NICE
4/19/2023,217.389999,217.389999,210.259995,210.720001,210.720001,345100,NICE
4/20/2023,209.020004,212.399994,208.190002,208.339996,208.339996,218900,NICE
4/21/2023,208.009995,210.139999,208.0,209.0,209.0,118700,NICE
4/24/2023,208.720001,209.399994,205.990005,207.0,207.0,183000,NICE
4/25/2023,206.169998,206.169998,198.610001,198.990005,198.990005,271300,NICE
4/26/2023,201.570007,201.699997,198.470001,199.850006,199.850006,178700,NICE
4/27/2023,205.699997,205.759995,202.210007,202.929993,202.929993,189300,NICE
4/28/2023,202.539993,204.289993,200.059998,204.009995,204.009995,217400,NICE
5/1/2023,203.639999,205.100006,200.160004,204.649994,204.649994,215300,NICE
5/2/2023,205.5,206.320007,197.570007,198.119995,198.119995,303200,NICE
5/3/2023,198.839996,198.839996,186.350006,190.289993,190.289993,689400,NICE
5/4/2023,192.899994,195.529999,190.389999,190.929993,190.929993,467100,NICE
5/5/2023,192.0,192.880005,184.160004,187.229996,187.229996,901700,NICE
5/8/2023,192.199997,194.050003,187.830002,188.520004,188.520004,1180700,NICE
5/9/2023,186.080002,189.649994,184.559998,188.539993,188.539993,1120700,NICE
5/10/2023,191.649994,192.860001,187.509995,190.710007,190.710007,842200,NICE
5/11/2023,199.600006,199.990005,178.630005,180.080002,180.080002,1623800,NICE
5/12/2023,179.229996,180.179993,174.490005,180.050003,180.050003,939200,NICE
5/15/2023,181.320007,186.550003,181.320007,185.830002,185.830002,721700,NICE
5/16/2023,185.360001,187.509995,181.880005,184.169998,184.169998,513900,NICE
5/17/2023,186.020004,188.279999,185.259995,187.960007,187.960007,447400,NICE
5/18/2023,188.550003,190.990005,188.429993,190.289993,190.289993,358200,NICE
5/19/2023,190.289993,194.720001,188.850006,191.229996,191.229996,459300,NICE
5/22/2023,191.210007,195.589996,191.169998,194.520004,194.520004,268500,NICE
5/23/2023,194.520004,195.0,189.110001,190.309998,190.309998,272700,NICE
5/24/2023,189.729996,191.259995,187.410004,187.990005,187.990005,286700,NICE
5/25/2023,189.899994,191.130005,182.910004,184.449997,184.449997,797100,NICE
5/26/2023,184.710007,188.429993,184.710007,188.190002,188.190002,254900,NICE
5/30/2023,191.559998,196.919998,190.679993,196.570007,196.570007,635900,NICE
5/31/2023,197.729996,206.089996,197.550003,205.940002,205.940002,839100,NICE
6/1/2023,206.0,211.550003,205.059998,205.169998,205.169998,499600,NICE
6/2/2023,207.309998,208.820007,202.850006,206.589996,206.589996,362800,NICE
6/5/2023,207.119995,217.970001,206.679993,215.529999,215.529999,637500,NICE
6/6/2023,215.300003,216.100006,212.429993,213.710007,213.710007,395300,NICE
6/7/2023,214.75,218.0,210.210007,213.440002,213.440002,530500,NICE
6/8/2023,214.100006,217.899994,213.059998,214.869995,214.869995,344900,NICE
6/9/2023,219.039993,219.039993,215.309998,215.919998,215.919998,212400,NICE
6/12/2023,216.740005,225.009995,214.990005,224.009995,224.009995,412100,NICE
6/13/2023,227.460007,231.539993,226.089996,230.050003,230.050003,463400,NICE
6/14/2023,228.410004,229.699997,225.470001,227.610001,227.610001,441100,NICE
6/15/2023,226.899994,229.350006,226.699997,228.619995,228.619995,311500,NICE
6/16/2023,229.589996,229.589996,223.139999,223.600006,223.600006,342000,NICE
6/20/2023,221.059998,223.460007,215.360001,215.800003,215.800003,564400,NICE
6/21/2023,212.440002,212.520004,207.119995,209.210007,209.210007,604800,NICE
6/22/2023,208.490005,211.580002,207.520004,210.410004,210.410004,260900,NICE
6/23/2023,206.880005,209.660004,206.710007,209.0,209.0,221600,NICE
6/26/2023,208.649994,209.990005,202.300003,202.479996,202.479996,289400,NICE
6/27/2023,203.25,206.600006,200.559998,205.690002,205.690002,346100,NICE
6/28/2023,203.410004,208.5,203.0,206.110001,206.110001,333900,NICE
6/29/2023,204.110001,205.919998,203.470001,204.899994,204.899994,188300,NICE
6/30/2023,206.850006,211.279999,206.5,206.5,206.5,228900,NICE
7/3/2023,203.350006,203.559998,200.940002,202.009995,202.009995,177900,NICE
7/5/2023,201.0,203.130005,200.059998,202.029999,202.029999,269900,NICE
7/6/2023,199.850006,200.330002,195.910004,200.059998,200.059998,247500,NICE
7/7/2023,199.800003,201.600006,198.320007,198.669998,198.669998,197700,NICE
7/10/2023,198.660004,202.910004,197.940002,202.110001,202.110001,263900,NICE
7/11/2023,202.25,204.220001,201.770004,204.0,204.0,162300,NICE
7/12/2023,206.899994,206.899994,202.539993,206.279999,206.279999,289900,NICE
7/13/2023,208.279999,209.800003,207.289993,209.119995,209.119995,142600,NICE
7/14/2023,209.100006,211.100006,205.350006,205.960007,205.960007,120000,NICE
7/17/2023,207.320007,211.580002,206.770004,210.899994,210.899994,274900,NICE
7/18/2023,212.300003,218.919998,211.419998,217.029999,217.029999,471100,NICE
7/19/2023,221.770004,225.369995,220.699997,223.0,223.0,428100,NICE
7/20/2023,222.5,224.169998,212.919998,213.309998,213.309998,216500,NICE
7/21/2023,215.149994,217.289993,213.710007,215.729996,215.729996,334800,NICE
7/24/2023,216.059998,216.179993,211.960007,213.289993,213.289993,231200,NICE
7/25/2023,211.270004,213.960007,210.850006,212.570007,212.570007,170700,NICE
7/26/2023,214.800003,220.0,213.330002,218.449997,218.449997,203800,NICE
7/27/2023,222.0,223.389999,214.960007,215.179993,215.179993,142200,NICE
7/28/2023,215.580002,217.360001,215.080002,216.0,216.0,269100,NICE
7/31/2023,216.990005,218.130005,215.050003,217.850006,217.850006,616400,NICE
8/1/2023,217.699997,218.270004,215.529999,216.300003,216.300003,269900,NICE
8/2/2023,214.149994,214.520004,207.25,208.820007,208.820007,358600,NICE
8/3/2023,207.710007,212.789993,207.710007,212.610001,212.610001,242700,NICE
8/4/2023,213.529999,214.520004,208.740005,210.979996,210.979996,146900,NICE
8/7/2023,212.100006,220.160004,210.309998,219.940002,219.940002,410800,NICE
8/8/2023,218.149994,220.970001,208.839996,215.690002,215.690002,881100,NICE
8/9/2023,218.130005,223.179993,215.199997,221.039993,221.039993,432000,NICE
8/10/2023,222.220001,224.630005,220.009995,222.630005,222.630005,418700,NICE
8/11/2023,221.5,222.25,217.710007,218.199997,218.199997,171800,NICE
8/14/2023,214.300003,219.169998,213.869995,217.639999,217.639999,209600,NICE
8/15/2023,217.339996,219.309998,214.470001,214.759995,214.759995,302300,NICE
8/16/2023,213.729996,215.440002,209.589996,211.490005,211.490005,380000,NICE
8/17/2023,202.25,202.289993,188.289993,195.320007,195.320007,1625700,NICE
